country_code,year,country_name,forest_area_sqkm,total_area_sq_mi,region,forest_percentage
ABW,2016,Aruba,4.199999869,69.5,"Latin America & Caribbean",2.333268447543124
AFG,2016,Afghanistan,13500,252069.5,"South Asia",2.0678246326331475
AGO,2016,Angola,577311.9922,481351.35,"Sub-Saharan Africa",46.307210541489724
ALB,2016,Albania,7705.39978,10579.15,"Europe & Central Asia",28.121898546819263
AND,2016,Andorra,160,181.47,"Europe & Central Asia",34.04202445366274
ARE,2016,"United Arab Emirates",3236.600037,27420.85,"Middle East & North Africa",4.5573077564635085
ARG,2016,Argentina,268151.9922,1056637.07,"Latin America & Caribbean",9.798405778249643
ARM,2016,Armenia,3322.000122,10992.28,"Europe & Central Asia",11.66842119860238
ASM,2016,"American Samoa",175,77.22,"East Asia & Pacific",87.5000875000875
ATG,2016,"Antigua and Barbuda",98.00000191,169.88,"Latin America & Caribbean",22.2732744144629
AUS,2016,Australia,1250590,2969891.89,"East Asia & Pacific",16.25827806995634
AUT,2016,Austria,38708.00049,31862.16,"Europe & Central Asia",46.90571491186704
AZE,2016,Azerbaijan,11656.19995,31918.92,"Europe & Central Asia",14.09967286223438
BDI,2016,Burundi,2806.000061,9915.06,"Sub-Saharan Africa",10.926789217108187
BEL,2016,Belgium,6838.400269,11691.12,"Europe & Central Asia",22.583884043358413
BEN,2016,Benin,42610,43536.68,"Sub-Saharan Africa",37.788222371888374
BFA,2016,"Burkina Faso",52902.00195,105637.07,"Sub-Saharan Africa",19.335526229928924
BGD,2016,Bangladesh,14264.00024,50258.69,"South Asia",10.957977615413373
BGR,2016,Bulgaria,38401.99951,41915.06,"Europe & Central Asia",35.37398452450704
BHR,2016,Bahrain,6.100000143,300.39,"Middle East & North Africa",0.7840515364774827
BHS,2016,"Bahamas, The",5150,3864.86,"Latin America & Caribbean",51.44861620904737
BIH,2016,"Bosnia and Herzegovina",21850,19768.34,"Europe & Central Asia",42.67578074989319
BLR,2016,Belarus,86534.00391,78373.75,"Europe & Central Asia",42.63010551423573
BLZ,2016,Belize,13612.80029,8806.95,"Latin America & Caribbean",59.67908808243997
BMU,2016,Bermuda,10,20.85,"North America",18.51800412951492
BOL,2016,Bolivia,544750,418262.55,"Latin America & Caribbean",50.2861624422711
BRA,2016,Brazil,4925540,3227081.08,"Latin America & Caribbean",58.93105405808073
BRB,2016,Barbados,63.00000191,166.02,"Latin America & Caribbean",14.651442634487449
BRN,2016,"Brunei Darussalam",3800,2034.75,"East Asia & Pacific",72.1062276535922
BTN,2016,Bhutan,27648.50098,14727.41,"South Asia",72.48455026019445
BWA,2016,Botswana,107377.998,218814.67,"Sub-Saharan Africa",18.946941028444982
CAF,2016,"Central African Republic",221544.0039,240532.82,"Sub-Saharan Africa",35.561976716531014
CAN,2016,Canada,3470224.063,3511007.72,"North America",38.161546696318595
CHE,2016,Switzerland,12578.00049,15257.14,"Europe & Central Asia",31.83015195219973
CHI,2016,"Channel Islands",8.000000119,76.45,"Europe & Central Asia",4.040291870175324
CHL,2016,Chile,180358.0078,287078,"Latin America & Caribbean",24.256925451576386
CHN,2016,China,2098635,3624791.51,"East Asia & Pacific",22.353941779779326
CIV,2016,"Cote d'Ivoire",104005.9961,122779.92,"Sub-Saharan Africa",32.70628882228076
CMR,2016,Cameroon,185960,182513.51,"Sub-Saharan Africa",39.339130456275704
COD,2016,"Congo, Dem. Rep.",1522665.938,875308.88,"Sub-Saharan Africa",67.1650796646444
COG,2016,"Congo, Rep.",223185.9961,131853.28,"Sub-Saharan Africa",65.3546117824367
COL,2016,Colombia,584750.1953,428378.38,"Latin America & Caribbean",52.70393808800673
COM,2016,Comoros,365.9999847,718.53,"Sub-Saharan Africa",19.666922105605252
CPV,2016,"Cabo Verde",908.6000061,1555.98,"Sub-Saharan Africa",22.545971874061568
CRI,2016,"Costa Rica",27861.99951,19714.29,"Latin America & Caribbean",54.567163049441646
CUB,2016,Cuba,32536.00098,40162.16,"Latin America & Caribbean",31.278602895214153
CYM,2016,"Cayman Islands",126.9999981,92.66,"Latin America & Caribbean",52.91900313097162
CYP,2016,Cyprus,1726.699982,3567.57,"Europe & Central Asia",18.687216501140266
CZE,2016,"Czech Republic",26690,29814.67,"Europe & Central Asia",34.563586667299376
DEU,2016,Germany,114210,134888.03,"Europe & Central Asia",32.69120699333003
DJI,2016,Djibouti,55.99999905,8949.81,"Middle East & North Africa",0.24158748906207236
DMA,2016,Dominica,430.6000137,289.58,"Latin America & Caribbean",57.41240125160631
DNK,2016,Denmark,6172.199707,16212.36,"Europe & Central Asia",14.699209060009707
DOM,2016,"Dominican Republic",20161.99951,18652.51,"Latin America & Caribbean",41.734628719495646
DZA,2016,Algeria,19635.99976,919590.73,"Middle East & North Africa",0.8244392686301968
ECU,2016,Ecuador,124691.5039,95891.89,"Latin America & Caribbean",50.2059535996504
EGY,2016,"Egypt, Arab Rep.",735.9999847,384343.63,"Middle East & North Africa",0.07393640900528214
ERI,2016,Eritrea,15055.99976,38996.14,"Sub-Saharan Africa",14.906930071702792
ESP,2016,Spain,184520,192881.85,"Europe & Central Asia",36.93620900216544
EST,2016,Estonia,22316.00098,16783.78,"Europe & Central Asia",51.336567773139286
ETH,2016,Ethiopia,125395.9961,386100.39,"Sub-Saharan Africa",12.539599483350047
FIN,2016,Finland,222180,117339.77,"Europe & Central Asia",73.10716885143357
FJI,2016,Fiji,10220.59998,7054.05,"East Asia & Pacific",55.94201343137062
FRA,2016,France,171020,211411.97,"Europe & Central Asia",31.233277865434033
FRO,2016,"Faroe Islands",0.799999982,539,"Europe & Central Asia",0.0573061784657703
FSM,2016,"Micronesia, Fed. Sts.",643.0000305,270.27,"East Asia & Pacific",91.85723907152479
GAB,2016,Gabon,232000,99486.49,"Sub-Saharan Africa",90.0376418700565
GBR,2016,"United Kingdom",31610,93409.27,"Europe & Central Asia",13.065762321698054
GEO,2016,Georgia,28223.99902,26830.12,"Europe & Central Asia",40.61590823641087
GHA,2016,Ghana,93654.00391,87853.28,"Sub-Saharan Africa",41.15935918328613
GIN,2016,Guinea,63280,94872.59,"Sub-Saharan Africa",25.752888618759574
GMB,2016,"Gambia, The",4896.000061,3907.34,"Sub-Saharan Africa",48.3793965690115
GNB,2016,Guinea-Bissau,19620,10857.14,"Sub-Saharan Africa",69.77242234409408
GNQ,2016,"Equatorial Guinea",15564.00024,10830.12,"Sub-Saharan Africa",55.486610507829106
GRC,2016,Greece,40841.99951,49768.34,"Europe & Central Asia",31.685026625205463
GRD,2016,Grenada,169.8999977,131.27,"Latin America & Caribbean",49.97216021210079
GRL,2016,Greenland,2.199999988,158474.9,"Europe & Central Asia",0.0005359970852088532
GTM,2016,Guatemala,35036.00098,41374.52,"Latin America & Caribbean",32.695034300800366
GUM,2016,Guam,250,208.49,"East Asia & Pacific",46.29723081447385
GUY,2016,Guyana,165160,76003.86,"Latin America & Caribbean",83.90144891106817
HND,2016,Honduras,44720,43200.77,"Latin America & Caribbean",39.96782757902063
HRV,2016,Croatia,19224.00024,21606.18,"Europe & Central Asia",34.35310598661085
HTI,2016,Haiti,961.9999695,10640.93,"Latin America & Caribbean",3.490564825184544
HUN,2016,Hungary,20736.00098,34953.67,"Europe & Central Asia",22.90511406829665
IDN,2016,Indonesia,903256.0156,699447.88,"East Asia & Pacific",49.86039794282547
IMN,2016,"Isle of Man",34.60000038,220.08,"Europe & Central Asia",6.070098830330563
IND,2016,India,708603.9844,1147949.81,"South Asia",23.833121412260343
IRL,2016,Ireland,7597.000122,26598.46,"Europe & Central Asia",11.027723711481345
IRN,2016,"Iran, Islamic Rep.",106919.8047,628864.86,"Middle East & North Africa",6.5644911176063925
IRQ,2016,Iraq,8250,167616.99,"Middle East & North Africa",1.9003611658508994
ISL,2016,Iceland,505,38706.56,"Europe & Central Asia",0.503740696617563
ISR,2016,Israel,1671.999969,8355.21,"Middle East & North Africa",7.726434567063349
ITA,2016,Italy,93507.99805,113567.57,"Europe & Central Asia",31.79030259305464
JAM,2016,Jamaica,3348.200073,4181.47,"Latin America & Caribbean",30.915953980935917
JOR,2016,Jordan,975,34277.99,"Middle East & North Africa",1.0982203928756513
JPN,2016,Japan,249564.0039,140756.76,"East Asia & Pacific",68.45622069060717
KAZ,2016,Kazakhstan,33090,1042355.21,"Europe & Central Asia",1.225691746296522
KEN,2016,Kenya,44496.00098,219745.17,"Sub-Saharan Africa",7.81811184214022
KGZ,2016,"Kyrgyz Republic",6290,74054.05,"Europe & Central Asia",3.2794579480412334
KHM,2016,Cambodia,93295.99609,68154.44,"East Asia & Pacific",52.852932416390054
KIR,2016,Kiribati,121.4999962,312.74,"East Asia & Pacific",15.000062494089484
KNA,2016,"St. Kitts and Nevis",110,100.39,"Latin America & Caribbean",42.30604888040888
KOR,2016,"Korea, Rep.",61763.99902,37640.54,"East Asia & Pacific",63.35483993780608
KWT,2016,Kuwait,62.5,6880.31,"Middle East & North Africa",0.35072946031899915
LAO,2016,"Lao PDR",189505.8008,89111.97,"East Asia & Pacific",82.10823176408609
LBN,2016,Lebanon,1373.800049,3949.81,"Middle East & North Africa",13.429120118274787
LBR,2016,Liberia,41490,37189.19,"Sub-Saharan Africa",43.075165173818036
LBY,2016,Libya,2170,679359.07,"Middle East & North Africa",0.1233276885282238
LCA,2016,"St. Lucia",202.3999977,235.52,"Latin America & Caribbean",33.18050155345077
LIE,2016,Liechtenstein,69.00000095,61.78,"Europe & Central Asia",43.122251550213676
LKA,2016,"Sri Lanka",20633.99902,24212.36,"South Asia",32.90383501821792
LSO,2016,Lesotho,500,11722.01,"Sub-Saharan Africa",1.6469035007664474
LTU,2016,Lithuania,21820,24186.1,"Europe & Central Asia",34.832860298727056
LUX,2016,Luxembourg,866.9999695,938.22,"Europe & Central Asia",35.679160854913874
LVA,2016,Latvia,33563.99902,24007.72,"Europe & Central Asia",53.97877424717959
MAR,2016,Morocco,56240,172316.6,"Middle East & North Africa",12.60138936950109
MDA,2016,Moldova,4136.000061,12698.84,"Europe & Central Asia",12.575252703895162
MDG,2016,Madagascar,124570,224633.2,"Sub-Saharan Africa",21.41113828967628
MDV,2016,Maldives,10,115.83,"South Asia",3.33333666667
MEX,2016,Mexico,659483.9844,750559.85,"Latin America & Caribbean",33.9249456261031
MHL,2016,"Marshall Islands",126.4000034,69.5,"East Asia & Pacific",70.220273547957
MKD,2016,"North Macedonia",9980,9737.45,"Europe & Central Asia",39.5717754985325
MLI,2016,Mali,46360,471115.83,"Sub-Saharan Africa",3.7994082898071797
MLT,2016,Malta,3.49999994,123.55,"Middle East & North Africa",1.0937687804009133
MMR,2016,Myanmar,284945.9961,252154.44,"East Asia & Pacific",43.6311012853746
MNE,2016,Montenegro,8270,5193.05,"Europe & Central Asia",61.48699113334539
MNG,2016,Mongolia,124555.1953,599830.12,"East Asia & Pacific",8.017404827243254
MNP,2016,"Northern Mariana Islands",293.4000015,177.61,"East Asia & Pacific",63.781236338609226
MOZ,2016,Mozambique,377336.0156,303621.62,"Sub-Saharan Africa",47.983928586093874
MRT,2016,Mauritania,2210,397953.67,"Sub-Saharan Africa",0.21441738513979614
MUS,2016,Mauritius,386.3999939,783.78,"Sub-Saharan Africa",19.034574349176665
MWI,2016,Malawi,31290,36401.54,"Sub-Saharan Africa",33.18837906605347
MYS,2016,Malaysia,222091.9922,126853.28,"East Asia & Pacific",67.59762454563567
NAM,2016,Namibia,68447.99805,317872.59,"Sub-Saharan Africa",8.313959525388292
NCL,2016,"New Caledonia",8390,7057.92,"East Asia & Pacific",45.897123223020934
NER,2016,Niger,11295.99976,489073.36,"Sub-Saharan Africa",0.8917659855212456
NGA,2016,Nigeria,65833.99902,351648.65,"Sub-Saharan Africa",7.228389029832602
NIC,2016,Nicaragua,31140,46463.32,"Latin America & Caribbean",25.87668299029433
NLD,2016,Netherlands,3766.000061,13007.72,"Europe & Central Asia",11.178393120440616
NOR,2016,Norway,121140,140974.13,"Europe & Central Asia",33.1778609112188
NPL,2016,Nepal,36360,55347.49,"South Asia",25.3644926601189
NZL,2016,"New Zealand",101522.002,101664.09,"East Asia & Pacific",38.55607635880494
OMN,2016,Oman,20,119498.07,"Middle East & North Africa",0.00646203551405284
PAK,2016,Pakistan,14290,297637.07,"South Asia",1.853725585114286
PAN,2016,Panama,46006.00098,28702.7,"Latin America & Caribbean",61.88593665861658
PER,2016,Peru,738053.9844,494208.49,"Latin America & Caribbean",57.66046802226492
PHL,2016,Philippines,82800,115123.55,"East Asia & Pacific",27.76939381135482
PLW,2016,Palau,402.9999924,177.61,"East Asia & Pacific",87.60680854912036
PNG,2016,"Papua New Guinea",335561.9922,174849.42,"East Asia & Pacific",74.09839549312474
POL,2016,Poland,94562.00195,118220.08,"Europe & Central Asia",30.883438298570315
PRI,2016,"Puerto Rico",4992.600098,3424.71,"Latin America & Caribbean",56.28636659695639
PRK,2016,"Korea, Dem. Peopleâ€™s Rep.",49040,46490.35,"East Asia & Pacific",40.72751212749084
PRT,2016,Portugal,31706.00098,35368.96,"Europe & Central Asia",34.61141978751205
PRY,2016,Paraguay,149975.9961,153397.68,"Latin America & Caribbean",37.74880428439336
PSE,2016,"West Bank and Gaza",91.70000076,2324.32,"Middle East & North Africa",1.523258660547674
PYF,2016,"French Polynesia",1550,1413.13,"East Asia & Pacific",42.34964925064209
ROU,2016,Romania,69302.00195,88833.98,"Europe & Central Asia",30.120827312279282
RUS,2016,"Russian Federation",8148895,6323115.83,"Europe & Central Asia",49.758561923916325
RWA,2016,Rwanda,4867.999878,9525.1,"Sub-Saharan Africa",19.732460892089662
SAU,2016,"Saudi Arabia",9770,829996.14,"Middle East & North Africa",0.45448413437209145
SEN,2016,Senegal,82330,74335.91,"Sub-Saharan Africa",42.76216540248823
SGP,2016,Singapore,163.5000038,273.75,"East Asia & Pacific",23.060242774281132
SLB,2016,"Solomon Islands",21793.99902,10806.95,"East Asia & Pacific",77.86351779450665
SLE,2016,"Sierra Leone",31076.00098,27868.73,"Sub-Saharan Africa",43.05347239301532
SLV,2016,"El Salvador",2606.000061,8000,"Latin America & Caribbean",12.577220371621623
SOM,2016,Somalia,62862.00195,242216.22,"Sub-Saharan Africa",10.020403763190682
SRB,2016,Serbia,27213.99902,33768.34,"Europe & Central Asia",31.11593738086483
STP,2016,"Sao Tome and Principe",535.9999847,370.66,"Sub-Saharan Africa",55.83278504356311
SUR,2016,Suriname,153282.002,60231.66,"Latin America & Caribbean",98.2576939676578
SVK,2016,"Slovak Republic",19401.99951,18563.71,"Europe & Central Asia",40.35356888213888
SVN,2016,Slovenia,12481.99951,7776.83,"Europe & Central Asia",61.970042165198805
SWE,2016,Sweden,280730,157262.55,"Europe & Central Asia",68.92293263078935
SWZ,2016,Eswatini,5905.999756,6640.93,"Sub-Saharan Africa",34.337190515490846
SYC,2016,Seychelles,406.6999817,177.61,"Sub-Saharan Africa",88.41113673857889
SYR,2016,"Syrian Arab Republic",4910,70899.61,"Middle East & North Africa",2.673855181647538
TCA,2016,"Turks and Caicos Islands",344.0000153,366.8,"Latin America & Caribbean",36.210070535951125
TCD,2016,Chad,47483.99902,486177.61,"Sub-Saharan Africa",3.770965585028146
TGO,2016,Togo,1681.999969,21000,"Sub-Saharan Africa",3.092480178341607
THA,2016,Thailand,164290,197254.83,"East Asia & Pacific",32.15760670216919
TJK,2016,Tajikistan,4123.999939,53586.87,"Europe & Central Asia",2.971395733182156
TKM,2016,Turkmenistan,41270,181440.15,"Europe & Central Asia",8.782159259878773
TLS,2016,Timor-Leste,6747.999878,5741.31,"East Asia & Pacific",45.37998049750245
TON,2016,Tonga,90,277.99,"East Asia & Pacific",12.500102431394925
TTO,2016,"Trinidad and Tobago",2361.000061,1980.69,"Latin America & Caribbean",46.02350873357947
TUN,2016,Tunisia,10511.99951,59984.56,"Middle East & North Africa",6.766219623013105
TUR,2016,Turkey,118174.0039,297154.44,"Europe & Central Asia",15.354651450881413
TUV,2016,Tuvalu,10,11.58,"East Asia & Pacific",33.342002253919354
TZA,2016,Tanzania,456880,342007.72,"Sub-Saharan Africa",51.57823466720121
UGA,2016,Uganda,19418.00049,77420.85,"Sub-Saharan Africa",9.683822234561472
UKR,2016,Ukraine,96787.99805,223664.09,"Europe & Central Asia",16.70803901376766
URY,2016,Uruguay,18677.3999,67575.29,"Latin America & Caribbean",10.671580266605314
USA,2016,"United States",3103700,3531822.39,"North America",33.92978570306216
UZB,2016,Uzbekistan,32087.80029,164247.1,"Europe & Central Asia",7.542971584326956
VCT,2016,"St. Vincent and the Grenadines",270,150.58,"Latin America & Caribbean",69.23037870042783
VEN,2016,"Venezuela, RB",465186.0156,340559.85,"Latin America & Caribbean",52.73918820191524
VGB,2016,"British Virgin Islands",36.19999886,57.92,"Latin America & Caribbean",24.131273371338978
VIR,2016,"Virgin Islands (U.S.)",174.8999977,135.14,"Latin America & Caribbean",49.969629007641444
VNM,2016,Vietnam,149020,119718.15,"East Asia & Pacific",48.060114140320024
VUT,2016,Vanuatu,4400,4706.56,"East Asia & Pacific",36.09518839325747
WLD,2016,World,39958245.9,49171676.23,World,31.375570964309528
WSM,2016,Samoa,1710,1092.66,"East Asia & Pacific",60.42425459261438
YEM,2016,"Yemen, Rep.",5490,203849.42,"Middle East & North Africa",1.0398318129583688
ZAF,2016,"South Africa",92410,468374.52,"Sub-Saharan Africa",7.617736481381754
ZMB,2016,Zambia,484683.9844,287023.17,"Sub-Saharan Africa",65.19915221949277
ZWE,2016,Zimbabwe,137495.9961,149362.93,"Sub-Saharan Africa",35.54245834723996
ABW,2015,Aruba,4.199999869,69.5,"Latin America & Caribbean",2.333268447543124
AFG,2015,Afghanistan,13500,252069.5,"South Asia",2.0678246326331475
AGO,2015,Angola,578560,481351.35,"Sub-Saharan Africa",46.40731544270924
ALB,2015,Albania,7715,10579.15,"Europe & Central Asia",28.156935848007443
AND,2015,Andorra,160,181.47,"Europe & Central Asia",34.04202445366274
ARE,2015,"United Arab Emirates",3226.000061,27420.85,"Middle East & North Africa",4.542382417437714
ARG,2015,Argentina,271120,1056637.07,"Latin America & Caribbean",9.906858244102365
ARM,2015,Armenia,3320,10992.28,"Europe & Central Asia",11.661395832832513
ASM,2015,"American Samoa",175.4000092,77.22,"East Asia & Pacific",87.70009230009231
ATG,2015,"Antigua and Barbuda",98.00000191,169.88,"Latin America & Caribbean",22.2732744144629
AUS,2015,Australia,1247510,2966139,"East Asia & Pacific",16.238756601227813
AUT,2015,Austria,38690,31862.16,"Europe & Central Asia",46.88390221574413
AZE,2015,Azerbaijan,11394.00024,31916.22,"Europe & Central Asia",13.783674545080501
BDI,2015,Burundi,2760,9915.06,"Sub-Saharan Africa",10.747661291379636
BEL,2015,Belgium,6834.000244,11691.12,"Europe & Central Asia",22.569352917586446
BEN,2015,Benin,43110,43536.68,"Sub-Saharan Africa",38.231642019528465
BFA,2015,"Burkina Faso",53500,105637.07,"Sub-Saharan Africa",19.554092759644558
BGD,2015,Bangladesh,14290,50258.69,"South Asia",10.977951310260012
BGR,2015,Bulgaria,38230,41915.06,"Europe & Central Asia",35.21554725346394
BHR,2015,Bahrain,6.000000238,300.39,"Middle East & North Africa",0.7711982451127564
BHS,2015,"Bahamas, The",5150,3864.86,"Latin America & Caribbean",51.44861620904737
BIH,2015,"Bosnia and Herzegovina",21850,19768.34,"Europe & Central Asia",42.67578074989319
BLR,2015,Belarus,86335,78369.89,"Europe & Central Asia",42.53416310011005
BLZ,2015,Belize,13663.00049,8806.95,"Latin America & Caribbean",59.89916786718176
BMU,2015,Bermuda,10,20.85,"North America",18.51800412951492
BOL,2015,Bolivia,547640,418262.55,"Latin America & Caribbean",50.55293988046874
BRA,2015,Brazil,4935380,3227081.08,"Latin America & Caribbean",59.04878360081748
BRB,2015,Barbados,63.00000191,166.02,"Latin America & Caribbean",14.651442634487449
BRN,2015,"Brunei Darussalam",3800,2034.75,"East Asia & Pacific",72.1062276535922
BTN,2015,Bhutan,27549.29932,14716.99,"South Asia",72.27561549098766
BWA,2015,Botswana,108400,218814.67,"Sub-Saharan Africa",19.127274169177895
CAF,2015,"Central African Republic",221700,240532.82,"Sub-Saharan Africa",35.58701702264814
CAN,2015,Canada,3470690,3511007.72,"North America",38.16667053739059
CHE,2015,Switzerland,12540,15257.14,"Europe & Central Asia",31.73398711487764
CHI,2015,"Channel Islands",8.000000119,76.45,"Europe & Central Asia",4.040291870175324
CHL,2015,Chile,177350,287078,"Latin America & Caribbean",23.852368859649115
CHN,2015,China,2083212.969,3624791.99,"East Asia & Pacific",22.189668645240847
CIV,2015,"Cote d'Ivoire",104010,122779.92,"Sub-Saharan Africa",32.70754791035958
CMR,2015,Cameroon,188160,182513.51,"Sub-Saharan Africa",39.80453208567884
COD,2015,"Congo, Dem. Rep.",1525780,875308.88,"Sub-Saharan Africa",67.30244152261395
COG,2015,"Congo, Rep.",223340,131853.28,"Sub-Saharan Africa",65.39970809346588
COL,2015,Colombia,585017.3828,428378.38,"Latin America & Caribbean",52.728019881516296
COM,2015,Comoros,370,718.53,"Sub-Saharan Africa",19.88186197613779
CPV,2015,"Cabo Verde",899.0000153,1555.98,"Sub-Saharan Africa",22.30775800534602
CRI,2015,"Costa Rica",27560,19714.29,"Latin America & Caribbean",53.975703111431564
CUB,2015,Cuba,32000,40162.16,"Latin America & Caribbean",30.763316403331775
CYM,2015,"Cayman Islands",126.9999981,92.66,"Latin America & Caribbean",52.91900313097162
CYP,2015,Cyprus,1726.999969,3567.57,"Europe & Central Asia",18.69046311148078
CZE,2015,"Czech Republic",26670,29810.81,"Europe & Central Asia",34.54215869108319
DEU,2015,Germany,114190,134694.59,"Europe & Central Asia",32.73242309791588
DJI,2015,Djibouti,55.99999905,8949.81,"Middle East & North Africa",0.24158748906207236
DMA,2015,Dominica,433.3000183,289.58,"Latin America & Caribbean",57.77239600902493
DNK,2015,Denmark,6122.000122,16212.36,"Europe & Central Asia",14.579657809293717
DOM,2015,"Dominican Republic",19830,18652.51,"Latin America & Caribbean",41.04740142946262
DZA,2015,Algeria,19560,919590.73,"Middle East & North Africa",0.8212483342588232
ECU,2015,Ecuador,125478.7988,95891.89,"Latin America & Caribbean",50.522951069264224
EGY,2015,"Egypt, Arab Rep.",730,384343.63,"Middle East & North Africa",0.07333366806502865
ERI,2015,Eritrea,15100,38996.14,"Sub-Saharan Africa",14.95049466464073
ESP,2015,Spain,184178.6914,192919.31,"Europe & Central Asia",36.86072890318956
EST,2015,Estonia,22320,16783.78,"Europe & Central Asia",51.34576726911708
ETH,2015,Ethiopia,124990,386100.39,"Sub-Saharan Africa",12.498999873760102
FIN,2015,Finland,222180,117339.77,"Europe & Central Asia",73.10716885143357
FJI,2015,Fiji,10172.00012,7054.05,"East Asia & Pacific",55.676004192558516
FRA,2015,France,169890,211411.97,"Europe & Central Asia",31.02690665745871
FRO,2015,"Faroe Islands",0.799999982,539,"Europe & Central Asia",0.0573061784657703
FSM,2015,"Micronesia, Fed. Sts.",642.6999664,270.27,"East Asia & Pacific",91.81437272865844
GAB,2015,Gabon,230000,99486.49,"Sub-Saharan Africa",89.26145530221119
GBR,2015,"United Kingdom",31440,93409.27,"Europe & Central Asia",12.995494064985348
GEO,2015,Georgia,28223.99902,26830.12,"Europe & Central Asia",40.61590823641087
GHA,2015,Ghana,93370,87853.28,"Sub-Saharan Africa",41.03454424262026
GIN,2015,Guinea,63640,94872.59,"Sub-Saharan Africa",25.89939683466908
GMB,2015,"Gambia, The",4880,3907.34,"Sub-Saharan Africa",48.22129336504845
GNB,2015,Guinea-Bissau,19720,10857.14,"Sub-Saharan Africa",70.1280412143494
GNQ,2015,"Equatorial Guinea",15680,10830.12,"Sub-Saharan Africa",55.90015673006443
GRC,2015,Greece,40540,49768.34,"Europe & Central Asia",31.45073685903459
GRD,2015,Grenada,169.8999977,131.27,"Latin America & Caribbean",49.97216021210079
GRL,2015,Greenland,2.199999988,158474.9,"Europe & Central Asia",0.0005359970852088532
GTM,2015,Guatemala,35400,41374.52,"Latin America & Caribbean",33.03471234942102
GUM,2015,Guam,250,208.49,"East Asia & Pacific",46.29723081447385
GUY,2015,Guyana,165260,76003.86,"Latin America & Caribbean",83.95224901333933
HND,2015,Honduras,45920,43200.77,"Latin America & Caribbean",41.04030953552386
HRV,2015,Croatia,19220,21606.18,"Europe & Central Asia",34.34595759569448
HTI,2015,Haiti,970,10640.93,"Latin America & Caribbean",3.519592502886257
HUN,2015,Hungary,20690,34953.67,"Europe & Central Asia",22.85430110319457
IDN,2015,Indonesia,910100,699447.88,"East Asia & Pacific",50.23819092710116
IMN,2015,"Isle of Man",34.60000038,220.08,"Europe & Central Asia",6.070098830330563
IND,2015,India,706820,1147949.81,"South Asia",23.773119044592626
IRL,2015,Ireland,7540.200195,26598.46,"Europe & Central Asia",10.94527354803138
IRN,2015,"Iran, Islamic Rep.",106919.8047,628864.86,"Middle East & North Africa",6.5644911176063925
IRQ,2015,Iraq,8250,167616.99,"Middle East & North Africa",1.9003611658508994
ISL,2015,Iceland,492.0000076,38706.56,"Europe & Central Asia",0.49077312190944616
ISR,2015,Israel,1650,8355.21,"Middle East & North Africa",7.624771095707194
ITA,2015,Italy,92970,113567.57,"Europe & Central Asia",31.607397160785332
JAM,2015,Jamaica,3352.000122,4181.47,"Latin America & Caribbean",30.951042129029776
JOR,2015,Jordan,975,34277.99,"Middle East & North Africa",1.0982203928756513
JPN,2015,Japan,249580,140756.76,"East Asia & Pacific",68.46060847303843
KAZ,2015,Kazakhstan,33090,1042355.21,"Europe & Central Asia",1.225691746296522
KEN,2015,Kenya,44130,219745.17,"Sub-Saharan Africa",7.753804117109851
KGZ,2015,"Kyrgyz Republic",6370,74054.05,"Europe & Central Asia",3.321168065027449
KHM,2015,Cambodia,94570,68154.44,"East Asia & Pacific",53.57466588165571
KIR,2015,Kiribati,121.4999962,312.74,"East Asia & Pacific",15.000062494089484
KNA,2015,"St. Kitts and Nevis",110,100.39,"Latin America & Caribbean",42.30604888040888
KOR,2015,"Korea, Rep.",61840,37623.55,"East Asia & Pacific",63.461443368443106
KWT,2015,Kuwait,62.5,6880.31,"Middle East & North Africa",0.35072946031899915
LAO,2015,"Lao PDR",187614.1016,89111.97,"East Asia & Pacific",81.2886047358588
LBN,2015,Lebanon,1373.000031,3949.81,"Middle East & North Africa",13.421299811508455
LBR,2015,Liberia,41790,37189.19,"Sub-Saharan Africa",43.386626961047384
LBY,2015,Libya,2170,679359.07,"Middle East & North Africa",0.1233276885282238
LCA,2015,"St. Lucia",202.9999924,235.52,"Latin America & Caribbean",33.2788618563245
LIE,2015,Liechtenstein,69.00000095,61.78,"Europe & Central Asia",43.122251550213676
LKA,2015,"Sri Lanka",20700,24212.36,"South Asia",33.009082932345265
LSO,2015,Lesotho,490,11722.01,"Sub-Saharan Africa",1.6139654307511186
LTU,2015,Lithuania,21800,24189.19,"Europe & Central Asia",34.79648726141065
LUX,2015,Luxembourg,866.9999695,938.22,"Europe & Central Asia",35.679160854913874
LVA,2015,Latvia,33560,24007.72,"Europe & Central Asia",53.97234288607563
MAF,2015,"St. Martin (French part)",10,21,"Latin America & Caribbean",18.38573267144696
MAR,2015,Morocco,56320,172316.6,"Middle East & North Africa",12.619314532188858
MDA,2015,Moldova,4090,12694.98,"Europe & Central Asia",12.439173430368378
MDG,2015,Madagascar,124730,224633.2,"Sub-Saharan Africa",21.438639149645358
MDV,2015,Maldives,10,115.83,"South Asia",3.33333666667
MEX,2015,Mexico,660400,750559.85,"Latin America & Caribbean",33.9720669818263
MHL,2015,"Marshall Islands",126.4000034,69.5,"East Asia & Pacific",70.220273547957
MKD,2015,"North Macedonia",9980,9737.45,"Europe & Central Asia",39.5717754985325
MLI,2015,Mali,47150,471115.83,"Sub-Saharan Africa",3.8641523050994073
MLT,2015,Malta,3.49999994,123.55,"Middle East & North Africa",1.0937687804009133
MMR,2015,Myanmar,290410,252154.44,"East Asia & Pacific",44.46775282934266
MNE,2015,Montenegro,8270,5193.05,"Europe & Central Asia",61.48699113334539
MNG,2015,Mongolia,125527.998,599830.12,"East Asia & Pacific",8.080022472730864
MNP,2015,"Northern Mariana Islands",295,177.61,"East Asia & Pacific",64.12905461382461
MOZ,2015,Mozambique,379400,303621.62,"Sub-Saharan Africa",48.24639513038844
MRT,2015,Mauritania,2245,397953.67,"Sub-Saharan Africa",0.2178131355831866
MUS,2015,Mauritius,385.9999847,783.78,"Sub-Saharan Africa",19.01486936734966
MWI,2015,Malawi,31470,36401.54,"Sub-Saharan Africa",33.37929975099721
MYS,2015,Malaysia,221950,126853.28,"East Asia & Pacific",67.55440670905844
NAM,2015,Namibia,69190,317872.59,"Sub-Saharan Africa",8.404085962330289
NCL,2015,"New Caledonia",8390,7057.92,"East Asia & Pacific",45.897123223020934
NER,2015,Niger,11420,489073.36,"Sub-Saharan Africa",0.9015552205228291
NGA,2015,Nigeria,69930,351648.65,"Sub-Saharan Africa",7.678118485596347
NIC,2015,Nicaragua,31140,46463.32,"Latin America & Caribbean",25.87668299029433
NLD,2015,Netherlands,3760,13007.72,"Europe & Central Asia",11.160583497626424
NOR,2015,Norway,121120,140974.13,"Europe & Central Asia",33.17238330499274
NPL,2015,Nepal,36360,55347.49,"South Asia",25.3644926601189
NZL,2015,"New Zealand",101520,101664.09,"East Asia & Pacific",38.55531603825028
OMN,2015,Oman,20,119498.07,"Middle East & North Africa",0.00646203551405284
PAK,2015,Pakistan,14720,297637.07,"South Asia",1.909505991104429
PAN,2015,Panama,46170,28702.7,"Latin America & Caribbean",62.106543378340106
PER,2015,Peru,739730,494208.49,"Latin America & Caribbean",57.79140674212996
PHL,2015,Philippines,80400,115123.55,"East Asia & Pacific",26.964483845808303
PLW,2015,Palau,402.9999924,177.61,"East Asia & Pacific",87.60680854912036
PNG,2015,"Papua New Guinea",335590,174849.42,"East Asia & Pacific",74.10458014183207
POL,2015,Poland,94350,118220.08,"Europe & Central Asia",30.81419960853641
PRI,2015,"Puerto Rico",4959.500122,3424.71,"Latin America & Caribbean",55.91319883929186
PRK,2015,"Korea, Dem. Peopleâ€™s Rep.",50310,46490.35,"East Asia & Pacific",41.782241744169326
PRT,2015,Portugal,31820,35368.96,"Europe & Central Asia",34.735865249400284
PRY,2015,Paraguay,153230,153397.68,"Latin America & Caribbean",38.56783372614382
PSE,2015,"West Bank and Gaza",91.70000076,2324.32,"Middle East & North Africa",1.523258660547674
PYF,2015,"French Polynesia",1550,1413.13,"East Asia & Pacific",42.34964925064209
ROU,2015,Romania,68610,88833.98,"Europe & Central Asia",29.82006152414593
RUS,2015,"Russian Federation",8149305,6323115.83,"Europe & Central Asia",49.76106545481087
RWA,2015,Rwanda,4800,9525.1,"Sub-Saharan Africa",19.456823059934838
SAU,2015,"Saudi Arabia",9770,829996.14,"Middle East & North Africa",0.45448413437209145
SEN,2015,Senegal,82730,74335.91,"Sub-Saharan Africa",42.96992522467935
SGP,2015,Singapore,163.5000038,273.75,"East Asia & Pacific",23.060242774281132
SLB,2015,"Solomon Islands",21850,10806.95,"East Asia & Pacific",78.0635927462738
SLE,2015,"Sierra Leone",30440,27868.73,"Sub-Saharan Africa",42.17234065885224
SLV,2015,"El Salvador",2650,8000,"Latin America & Caribbean",12.78957528957529
SOM,2015,Somalia,63630,242216.22,"Sub-Saharan Africa",10.14282510377198
SRB,2015,Serbia,27200,33768.34,"Europe & Central Asia",31.099931183855954
STP,2015,"Sao Tome and Principe",535.9999847,370.66,"Sub-Saharan Africa",55.83278504356311
SUR,2015,Suriname,153320,60231.66,"Latin America & Caribbean",98.28205166005918
SVK,2015,"Slovak Republic",19400,18564.48,"Europe & Central Asia",40.34773659347039
SVN,2015,Slovenia,12480,7777.07,"Europe & Central Asia",61.958203006181236
SWE,2015,Sweden,280730,157262.55,"Europe & Central Asia",68.92293263078935
SWZ,2015,Eswatini,5860,6640.93,"Sub-Saharan Africa",34.06975020890542
SYC,2015,Seychelles,406.6999817,177.61,"Sub-Saharan Africa",88.41113673857889
SYR,2015,"Syrian Arab Republic",4910,70899.61,"Middle East & North Africa",2.673855181647538
TCA,2015,"Turks and Caicos Islands",344.0000153,366.8,"Latin America & Caribbean",36.210070535951125
TCD,2015,Chad,48750,486177.61,"Sub-Saharan Africa",3.8715056874778377
TGO,2015,Togo,1880,21000,"Sub-Saharan Africa",3.4565177422320277
THA,2015,Thailand,163990,197254.83,"East Asia & Pacific",32.09888564787099
TJK,2015,Tajikistan,4120,53586.87,"Europe & Central Asia",2.9685137249732834
TKM,2015,Turkmenistan,41270,181440.15,"Europe & Central Asia",8.782159259878773
TLS,2015,Timor-Leste,6860,5741.31,"East Asia & Pacific",46.133176028618
TON,2015,Tonga,90,277.99,"East Asia & Pacific",12.500102431394925
TTO,2015,"Trinidad and Tobago",2344.799957,1980.69,"Latin America & Caribbean",45.70771643850723
TUN,2015,Tunisia,10410,59984.56,"Middle East & North Africa",6.700565977819991
TUR,2015,Turkey,117150,297154.44,"Europe & Central Asia",15.221599997516522
TUV,2015,Tuvalu,10,11.58,"East Asia & Pacific",33.342002253919354
TZA,2015,Tanzania,460600,342007.72,"Sub-Saharan Africa",51.99819402843826
UGA,2015,Uganda,20770,77420.85,"Sub-Saharan Africa",10.35806894306252
UKR,2015,Ukraine,96570,223664.09,"Europe & Central Asia",16.670407075947814
URY,2015,Uruguay,18450,67575.29,"Latin America & Caribbean",10.541652316330607
USA,2015,"United States",3100950,3531822.39,"North America",33.89972258140626
UZB,2015,Uzbekistan,32198.99902,164247.1,"Europe & Central Asia",7.569111389892395
VCT,2015,"St. Vincent and the Grenadines",270,150.58,"Latin America & Caribbean",69.23037870042783
VEN,2015,"Venezuela, RB",466830,340559.85,"Latin America & Caribbean",52.925570422715204
VGB,2015,"British Virgin Islands",36.19999886,57.92,"Latin America & Caribbean",24.131273371338978
VIR,2015,"Virgin Islands (U.S.)",176.0000038,135.14,"Latin America & Caribbean",50.28390515084315
VNM,2015,Vietnam,147730,119718.15,"East Asia & Pacific",47.644079062873956
VUT,2015,Vanuatu,4400,4706.56,"East Asia & Pacific",36.09518839325747
WLD,2015,World,39991324.6,49167730.23,World,31.404064813438655
WSM,2015,Samoa,1710,1092.66,"East Asia & Pacific",60.42425459261438
YEM,2015,"Yemen, Rep.",5490,203849.42,"Middle East & North Africa",1.0398318129583688
ZAF,2015,"South Africa",92410,468374.52,"Sub-Saharan Africa",7.617736481381754
ZMB,2015,Zambia,486350,287023.17,"Sub-Saharan Africa",65.42326279091782
ZWE,2015,Zimbabwe,140620,149362.93,"Sub-Saharan Africa",36.350007524247346
ABW,2014,Aruba,4.199999869,69.5,"Latin America & Caribbean",2.333268447543124
AFG,2014,Afghanistan,13500,252069.5,"South Asia",2.0678246326331475
AGO,2014,Angola,579808.0078,481351.35,"Sub-Saharan Africa",46.50742034392876
ALB,2014,Albania,7724.60022,10579.15,"Europe & Central Asia",28.191973149195615
AND,2014,Andorra,160,181.47,"Europe & Central Asia",34.04202445366274
ARE,2014,"United Arab Emirates",3215.400085,27420.85,"Middle East & North Africa",4.527457078411918
ARG,2014,Argentina,274088.0078,1056637.07,"Latin America & Caribbean",10.015310709955088
ARM,2014,Armenia,3317.999878,10992.28,"Europe & Central Asia",11.654370467062648
ASM,2014,"American Samoa",175.7999992,77.22,"East Asia & Pacific",87.90008750008751
ATG,2014,"Antigua and Barbuda",98.00000191,169.88,"Latin America & Caribbean",22.2732744144629
AUS,2014,Australia,1244430,2966139,"East Asia & Pacific",16.19866444137997
AUT,2014,Austria,38671.99951,31862.16,"Europe & Central Asia",46.862089519621215
AZE,2014,Azerbaijan,11131.80054,31916.22,"Europe & Central Asia",13.466483457271842
BDI,2014,Burundi,2713.999939,9915.06,"Sub-Saharan Africa",10.568533365651083
BEL,2014,Belgium,6829.60022,11691.12,"Europe & Central Asia",22.554821795116993
BEN,2014,Benin,43610,43536.68,"Sub-Saharan Africa",38.675061667168556
BFA,2014,"Burkina Faso",54097.99805,105637.07,"Sub-Saharan Africa",19.7726592893602
BGD,2014,Bangladesh,14315.99976,50258.69,"South Asia",10.997925005106648
BGR,2014,Bulgaria,38058.00049,41915.06,"Europe & Central Asia",35.05710998242083
BHR,2014,Bahrain,5.899999738,297.68,"Middle East & North Africa",0.7652486484930049
BHS,2014,"Bahamas, The",5150,3864.86,"Latin America & Caribbean",51.44861620904737
BIH,2014,"Bosnia and Herzegovina",21850,19768.34,"Europe & Central Asia",42.67578074989319
BLR,2014,Belarus,86135.99609,78367.96,"Europe & Central Asia",42.4371660912066
BLZ,2014,Belize,13713.19946,8806.95,"Latin America & Caribbean",60.119242259551896
BMU,2014,Bermuda,10,20.85,"North America",18.51800412951492
BOL,2014,Bolivia,550530,418262.55,"Latin America & Caribbean",50.81971731866637
BRA,2014,Brazil,4945220,3227081.08,"Latin America & Caribbean",59.16651314355421
BRB,2014,Barbados,63.00000191,166.02,"Latin America & Caribbean",14.651442634487449
BRN,2014,"Brunei Darussalam",3800,2034.75,"East Asia & Pacific",72.1062276535922
BTN,2014,Bhutan,27450.1001,14716.99,"South Asia",72.0153662338851
BWA,2014,Botswana,109422.002,218814.67,"Sub-Saharan Africa",19.307607309910814
CAF,2014,"Central African Republic",221855.9961,240532.82,"Sub-Saharan Africa",35.61205732876526
CAN,2014,Canada,3471155.938,3511007.72,"North America",38.17179438945944
CHE,2014,Switzerland,12501.99951,15257.14,"Europe & Central Asia",31.637822277555543
CHI,2014,"Channel Islands",8.000000119,76.45,"Europe & Central Asia",4.040291870175324
CHL,2014,Chile,174341.9922,287078,"Latin America & Caribbean",23.447812267721844
CHN,2014,China,2067790.938,3624791.99,"East Asia & Pacific",22.025398470842447
CIV,2014,"Cote d'Ivoire",104014.0039,122779.92,"Sub-Saharan Africa",32.7088069984384
CMR,2014,Cameroon,190360,182513.51,"Sub-Saharan Africa",40.26993371508197
COD,2014,"Congo, Dem. Rep.",1528894.063,875308.88,"Sub-Saharan Africa",67.43980342469371
COG,2014,"Congo, Rep.",223494.0039,131853.28,"Sub-Saharan Africa",65.44480440449506
COL,2014,Colombia,585284.6094,428378.38,"Latin America & Caribbean",52.75210519913579
COM,2014,Comoros,374.0000153,718.53,"Sub-Saharan Africa",20.096801846670328
CPV,2014,"Cabo Verde",889.4000244,1555.98,"Sub-Saharan Africa",22.06954413414908
CRI,2014,"Costa Rica",27258.00049,19714.29,"Latin America & Caribbean",53.38424317342149
CUB,2014,Cuba,31463.99902,40162.16,"Latin America & Caribbean",30.248029911449404
CYM,2014,"Cayman Islands",126.9999981,92.66,"Latin America & Caribbean",52.91900313097162
CYP,2014,Cyprus,1727.299957,3567.57,"Europe & Central Asia",18.6937097326438
CZE,2014,"Czech Republic",26650,29814.67,"Europe & Central Asia",34.511786612346505
DEU,2014,Germany,114170,134710.42,"Europe & Central Asia",32.72284436577444
DJI,2014,Djibouti,55.99999905,8949.81,"Middle East & North Africa",0.24158748906207236
DMA,2014,Dominica,435.9999847,289.58,"Latin America & Caribbean",58.13238567319306
DNK,2014,Denmark,6071.799927,16212.36,"Europe & Central Asia",14.460105105851314
DOM,2014,"Dominican Republic",19498.00049,18652.51,"Latin America & Caribbean",40.36017413942959
DZA,2014,Algeria,19484.00024,919590.73,"Middle East & North Africa",0.8180573998874495
ECU,2014,Ecuador,126266.1035,95891.89,"Latin America & Caribbean",50.83995248476312
EGY,2014,"Egypt, Arab Rep.",724.0000153,384343.63,"Middle East & North Africa",0.07273092712477516
ERI,2014,Eritrea,15144.00024,38996.14,"Sub-Saharan Africa",14.994059257578673
ESP,2014,Spain,183837.4023,193131.27,"Europe & Central Asia",36.752045387431046
EST,2014,Estonia,22323.99902,16783.78,"Europe & Central Asia",51.35496676509488
ETH,2014,Ethiopia,124584.0039,386100.39,"Sub-Saharan Africa",12.458400264170159
FIN,2014,Finland,222180,117332.05,"Europe & Central Asia",73.11197902344993
FJI,2014,Fiji,10123.40027,7054.05,"East Asia & Pacific",55.40999500848098
FRA,2014,France,168760,211411.97,"Europe & Central Asia",30.820535449483376
FRO,2014,"Faroe Islands",0.799999982,539,"Europe & Central Asia",0.0573061784657703
FSM,2014,"Micronesia, Fed. Sts.",642.3999786,270.27,"East Asia & Pacific",91.77151728580301
GAB,2014,Gabon,228000,99486.49,"Sub-Saharan Africa",88.48526873436587
GBR,2014,"United Kingdom",31270,93409.27,"Europe & Central Asia",12.925225808272641
GEO,2014,Georgia,28223.99902,26830.12,"Europe & Central Asia",40.61590823641087
GHA,2014,Ghana,93085.99609,87853.28,"Sub-Saharan Africa",40.90972930195439
GIN,2014,Guinea,64000,94872.59,"Sub-Saharan Africa",26.045905050578583
GMB,2014,"Gambia, The",4863.999939,3907.34,"Sub-Saharan Africa",48.06319016108541
GNB,2014,Guinea-Bissau,19820,10857.14,"Sub-Saharan Africa",70.48366008460472
GNQ,2014,"Equatorial Guinea",15795.99976,10830.12,"Sub-Saharan Africa",56.313702952299764
GRC,2014,Greece,40238.00049,49768.34,"Europe & Central Asia",31.21644709286371
GRD,2014,Grenada,169.8999977,131.27,"Latin America & Caribbean",49.97216021210079
GRL,2014,Greenland,2.199999988,158474.9,"Europe & Central Asia",0.0005359970852088532
GTM,2014,Guatemala,35763.99902,41374.52,"Latin America & Caribbean",33.374390398041676
GUM,2014,Guam,250,208.49,"East Asia & Pacific",46.29723081447385
GUY,2014,Guyana,165360,76003.86,"Latin America & Caribbean",84.00304911561051
HND,2014,Honduras,47120,43200.77,"Latin America & Caribbean",42.1127914920271
HRV,2014,Croatia,19215.99976,21606.18,"Europe & Central Asia",34.33880920477811
HTI,2014,Haiti,978.0000305,10640.93,"Latin America & Caribbean",3.548620180587969
HUN,2014,Hungary,20643.99902,34953.67,"Europe & Central Asia",22.80348813809249
IDN,2014,Indonesia,916943.9844,699447.88,"East Asia & Pacific",50.61598391137684
IMN,2014,"Isle of Man",34.60000038,220.08,"Europe & Central Asia",6.070098830330563
IND,2014,India,705036.0156,1147949.81,"South Asia",23.713116676924912
IRL,2014,Ireland,7483.400269,26598.46,"Europe & Central Asia",10.862823386033002
IRN,2014,"Iran, Islamic Rep.",106919.8047,628864.86,"Middle East & North Africa",6.5644911176063925
IRQ,2014,Iraq,8250,167616.99,"Middle East & North Africa",1.9003611658508994
ISL,2014,Iceland,479.0000153,38706.56,"Europe & Central Asia",0.4778055473010799
ISR,2014,Israel,1628.000031,8355.21,"Middle East & North Africa",7.5231076243510415
ITA,2014,Italy,92432.00195,113567.57,"Europe & Central Asia",31.424491728516017
JAM,2014,Jamaica,3355.799866,4181.47,"Latin America & Caribbean",30.98612746087438
JOR,2014,Jordan,975,34277.99,"Middle East & North Africa",1.0982203928756513
JPN,2014,Japan,249595.9961,140756.76,"East Asia & Pacific",68.46499625546969
KAZ,2014,Kazakhstan,33090,1042355.21,"Europe & Central Asia",1.225691746296522
KEN,2014,Kenya,43763.99902,219745.17,"Sub-Saharan Africa",7.689496392079481
KGZ,2014,"Kyrgyz Republic",6450,74054.05,"Europe & Central Asia",3.362878182013665
KHM,2014,Cambodia,95844.00391,68154.44,"East Asia & Pacific",54.29639934692136
KIR,2014,Kiribati,121.4999962,312.74,"East Asia & Pacific",15.000062494089484
KNA,2014,"St. Kitts and Nevis",110,100.39,"Latin America & Caribbean",42.30604888040888
KOR,2014,"Korea, Rep.",61916.00098,37617.76,"East Asia & Pacific",63.54921687035561
KWT,2014,Kuwait,62.5,6880.31,"Middle East & North Africa",0.35072946031899915
LAO,2014,"Lao PDR",185722.4023,89111.97,"East Asia & Pacific",80.46897766430394
LBN,2014,Lebanon,1372.200012,3949.81,"Middle East & North Africa",13.413479494966959
LBR,2014,Liberia,42090,37189.19,"Sub-Saharan Africa",43.69808874827672
LBY,2014,Libya,2170,679359.07,"Middle East & North Africa",0.1233276885282238
LCA,2014,"St. Lucia",203.6000061,235.52,"Latin America & Caribbean",33.377225273968655
LIE,2014,Liechtenstein,69.00000095,61.78,"Europe & Central Asia",43.122251550213676
LKA,2014,"Sri Lanka",20766.00098,24212.36,"South Asia",33.11433084647261
LSO,2014,Lesotho,480,11722.01,"Sub-Saharan Africa",1.5810273607357896
LTU,2014,Lithuania,21780,24189.19,"Europe & Central Asia",34.76456387860201
LUX,2014,Luxembourg,866.9999695,938.22,"Europe & Central Asia",35.679160854913874
LVA,2014,Latvia,33556.00098,24007.72,"Europe & Central Asia",53.96591152497169
MAF,2014,"St. Martin (French part)",10,21,"Latin America & Caribbean",18.38573267144696
MAR,2014,Morocco,56400,172316.6,"Middle East & North Africa",12.637239694876627
MDA,2014,Moldova,4043.999939,12691.12,"Europe & Central Asia",12.303011379908453
MDG,2014,Madagascar,124890,224633.2,"Sub-Saharan Africa",21.46614000961444
MDV,2014,Maldives,10,115.83,"South Asia",3.33333666667
MEX,2014,Mexico,661316.0156,750559.85,"Latin America & Caribbean",34.0191883375495
MHL,2014,"Marshall Islands",126.4000034,69.5,"East Asia & Pacific",70.220273547957
MKD,2014,"North Macedonia",9980,9737.45,"Europe & Central Asia",39.5717754985325
MLI,2014,Mali,47940,471115.83,"Sub-Saharan Africa",3.9288963203916345
MLT,2014,Malta,3.49999994,123.55,"Middle East & North Africa",1.0937687804009133
MMR,2014,Myanmar,295874.0039,252154.44,"East Asia & Pacific",45.30440437331072
MNE,2014,Montenegro,8270,5193.05,"Europe & Central Asia",61.48699113334539
MNG,2014,Mongolia,126500.8008,599830.12,"East Asia & Pacific",8.1426401246553
MNP,2014,"Northern Mariana Islands",296.5999985,177.61,"East Asia & Pacific",64.47687288904001
MOZ,2014,Mozambique,381463.9844,303621.62,"Sub-Saharan Africa",48.508861674683004
MRT,2014,Mauritania,2280,397953.67,"Sub-Saharan Africa",0.221208886026577
MUS,2014,Mauritius,385.6000137,783.78,"Sub-Saharan Africa",18.995166267305134
MWI,2014,Malawi,31650,36401.54,"Sub-Saharan Africa",33.57022043594095
MYS,2014,Malaysia,221808.0078,126853.28,"East Asia & Pacific",67.51118887248123
NAM,2014,Namibia,69932.00195,317872.59,"Sub-Saharan Africa",8.494212399272286
NCL,2014,"New Caledonia",8390,7057.92,"East Asia & Pacific",45.897123223020934
NER,2014,Niger,11544.00024,489073.36,"Sub-Saharan Africa",0.9113444555244125
NGA,2014,Nigeria,74026.00098,351648.65,"Sub-Saharan Africa",8.127847941360093
NIC,2014,Nicaragua,31140,46463.32,"Latin America & Caribbean",25.87668299029433
NLD,2014,Netherlands,3753.999939,13007.72,"Europe & Central Asia",11.142773874812235
NOR,2014,Norway,121100,140974.13,"Europe & Central Asia",33.16690569876668
NPL,2014,Nepal,36360,55347.49,"South Asia",25.3644926601189
NZL,2014,"New Zealand",101517.998,101664.09,"East Asia & Pacific",38.554555717695635
OMN,2014,Oman,20,119498.07,"Middle East & North Africa",0.00646203551405284
PAK,2014,Pakistan,15150,297637.07,"South Asia",1.965286397094572
PAN,2014,Panama,46333.99902,28702.7,"Latin America & Caribbean",62.32715009806363
PER,2014,Peru,741406.0156,494208.49,"Latin America & Caribbean",57.922345461994986
PHL,2014,Philippines,78000,115123.55,"East Asia & Pacific",26.15957388026179
PLW,2014,Palau,402.9999924,177.61,"East Asia & Pacific",87.60680854912036
PNG,2014,"Papua New Guinea",335618.0078,174849.42,"East Asia & Pacific",74.11076479053943
POL,2014,Poland,94137.99805,118220.08,"Europe & Central Asia",30.7449609185025
PRI,2014,"Puerto Rico",4926.400146,3424.71,"Latin America & Caribbean",55.540031081627305
PRK,2014,"Korea, Dem. Peopleâ€™s Rep.",51580,46490.35,"East Asia & Pacific",42.836971360847826
PRT,2014,Portugal,31933.99902,35368.96,"Europe & Central Asia",34.86031071128852
PRY,2014,Paraguay,156484.0039,153397.68,"Latin America & Caribbean",39.38686316789429
PSE,2014,"West Bank and Gaza",91.70000076,2324.32,"Middle East & North Africa",1.523258660547674
PYF,2014,"French Polynesia",1550,1413.13,"East Asia & Pacific",42.34964925064209
ROU,2014,Romania,67917.99805,88833.98,"Europe & Central Asia",29.519295736012584
RUS,2014,"Russian Federation",8149715,6323115.83,"Europe & Central Asia",49.7635689857054
RWA,2014,Rwanda,4732.000122,9525.1,"Sub-Saharan Africa",19.181185227780016
SAU,2014,"Saudi Arabia",9770,829996.14,"Middle East & North Africa",0.45448413437209145
SEN,2014,Senegal,83130,74335.91,"Sub-Saharan Africa",43.17768504687048
SGP,2014,Singapore,163.5000038,273.75,"East Asia & Pacific",23.060242774281132
SLB,2014,"Solomon Islands",21906.00098,10806.95,"East Asia & Pacific",78.26366769804095
SLE,2014,"Sierra Leone",29803.99902,27868.73,"Sub-Saharan Africa",41.29120892468917
SLV,2014,"El Salvador",2693.999939,8000,"Latin America & Caribbean",13.001930207528956
SOM,2014,Somalia,64397.99805,242216.22,"Sub-Saharan Africa",10.265246444353277
SRB,2014,Serbia,27186.00098,33768.34,"Europe & Central Asia",31.083924986847077
STP,2014,"Sao Tome and Principe",535.9999847,370.66,"Sub-Saharan Africa",55.83278504356311
SUR,2014,Suriname,153357.998,60231.66,"Latin America & Caribbean",98.30640935246055
SVK,2014,"Slovak Republic",19398.00049,18563.71,"Europe & Central Asia",40.345251454393974
SVN,2014,Slovenia,12478.00049,7776.06,"Europe & Central Asia",61.95632244285419
SWE,2014,Sweden,280730,157262.55,"Europe & Central Asia",68.92293263078935
SWZ,2014,Eswatini,5814.000244,6640.93,"Sub-Saharan Africa",33.80230990231999
SYC,2014,Seychelles,406.6999817,177.61,"Sub-Saharan Africa",88.41113673857889
SYR,2014,"Syrian Arab Republic",4910,70899.61,"Middle East & North Africa",2.673855181647538
TCA,2014,"Turks and Caicos Islands",344.0000153,366.8,"Latin America & Caribbean",36.210070535951125
TCD,2014,Chad,50016.00098,486177.61,"Sub-Saharan Africa",3.972045789927531
TGO,2014,Togo,2078.000031,21000,"Sub-Saharan Africa",3.820555306122449
THA,2014,Thailand,163690,197254.83,"East Asia & Pacific",32.0401645935728
TJK,2014,Tajikistan,4116.000061,53585.33,"Europe & Central Asia",2.9657169466742346
TKM,2014,Turkmenistan,41270,181440.15,"Europe & Central Asia",8.782159259878773
TLS,2014,Timor-Leste,6972.000122,5741.31,"East Asia & Pacific",46.88637155973356
TON,2014,Tonga,90,277.99,"East Asia & Pacific",12.500102431394925
TTO,2014,"Trinidad and Tobago",2328.600006,1980.69,"Latin America & Caribbean",45.39192712589862
TUN,2014,Tunisia,10308.00049,59984.56,"Middle East & North Africa",6.634912332626879
TUR,2014,Turkey,116125.9961,297154.44,"Europe & Central Asia",15.088548544151632
TUV,2014,Tuvalu,10,11.58,"East Asia & Pacific",33.342002253919354
TZA,2014,Tanzania,464320,342007.72,"Sub-Saharan Africa",52.418153389675325
UGA,2014,Uganda,22121.99951,77420.85,"Sub-Saharan Africa",11.032315651563568
UKR,2014,Ukraine,96352.00195,223664.09,"Europe & Central Asia",16.63277513812797
URY,2014,Uruguay,18222.6001,67575.29,"Latin America & Caribbean",10.4117243660559
USA,2014,"United States",3098200,3531822.39,"North America",33.86965945975036
UZB,2014,Uzbekistan,32310.2002,164247.1,"Europe & Central Asia",7.595251771386388
VCT,2014,"St. Vincent and the Grenadines",270,150.58,"Latin America & Caribbean",69.23037870042783
VEN,2014,"Venezuela, RB",468473.9844,340559.85,"Latin America & Caribbean",53.11195264351517
VGB,2014,"British Virgin Islands",36.19999886,57.92,"Latin America & Caribbean",24.131273371338978
VIR,2014,"Virgin Islands (U.S.)",177.0999908,135.14,"Latin America & Caribbean",50.59817583709844
VNM,2014,Vietnam,146440,119718.15,"East Asia & Pacific",47.228043985427895
VUT,2014,Vanuatu,4400,4706.56,"East Asia & Pacific",36.09518839325747
WLD,2014,World,40024403.3,49167936.52,World,31.429908719642093
WSM,2014,Samoa,1710,1092.66,"East Asia & Pacific",60.42425459261438
YEM,2014,"Yemen, Rep.",5490,203849.42,"Middle East & North Africa",1.0398318129583688
ZAF,2014,"South Africa",92410,468374.52,"Sub-Saharan Africa",7.617736481381754
ZMB,2014,Zambia,488016.0156,287023.17,"Sub-Saharan Africa",65.64737336234285
ZWE,2014,Zimbabwe,143744.0039,149362.93,"Sub-Saharan Africa",37.15755670125473
ABW,2013,Aruba,4.199999869,69.5,"Latin America & Caribbean",2.333268447543124
AFG,2013,Afghanistan,13500,252069.5,"South Asia",2.0678246326331475
AGO,2013,Angola,581056.0156,481351.35,"Sub-Saharan Africa",46.60752524514827
ALB,2013,Albania,7734.199829,10579.15,"Europe & Central Asia",28.227008220456657
AND,2013,Andorra,160,181.47,"Europe & Central Asia",34.04202445366274
ARE,2013,"United Arab Emirates",3204.80011,27420.85,"Middle East & North Africa",4.512531740794176
ARG,2013,Argentina,277055.9961,1056637.07,"Latin America & Caribbean",10.123762463268212
ARM,2013,Armenia,3316.000061,10992.28,"Europe & Central Asia",11.647346172595713
ASM,2013,"American Samoa",176.1000061,77.22,"East Asia & Pacific",88.0500911000911
ATG,2013,"Antigua and Barbuda",98.00000191,169.88,"Latin America & Caribbean",22.2732744144629
AUS,2013,Australia,1241350,2966139,"East Asia & Pacific",16.15857228153213
AUT,2013,Austria,38653.99902,31865.25,"Europe & Central Asia",46.83573468259608
AZE,2013,Azerbaijan,10869.59961,31914.67,"Europe & Central Asia",13.149929503195883
BDI,2013,Burundi,2667.999878,9915.06,"Sub-Saharan Africa",10.389405439922534
BEL,2013,Belgium,6825.200195,11691.12,"Europe & Central Asia",22.54029066934503
BEN,2013,Benin,44110,43536.68,"Sub-Saharan Africa",39.11848131480864
BFA,2013,"Burkina Faso",54696.00098,105637.07,"Sub-Saharan Africa",19.99122760270149
BGD,2013,Bangladesh,14341.99951,50258.69,"South Asia",11.017898692271025
BGR,2013,Bulgaria,37886.00098,41915.06,"Europe & Central Asia",34.898672711377735
BHR,2013,Bahrain,5.699999928,297.3,"Middle East & North Africa",0.7402530013363516
BHS,2013,"Bahamas, The",5150,3864.86,"Latin America & Caribbean",51.44861620904737
BIH,2013,"Bosnia and Herzegovina",21850,19768.34,"Europe & Central Asia",42.67578074989319
BLR,2013,Belarus,85937.00195,78342.86,"Europe & Central Asia",42.35269127678596
BLZ,2013,Belize,13763.39966,8806.95,"Latin America & Caribbean",60.339322044293674
BMU,2013,Bermuda,10,20.85,"North America",18.51800412951492
BOL,2013,Bolivia,553420,418262.55,"Latin America & Caribbean",51.086494756864006
BRA,2013,Brazil,4955060,3227081.08,"Latin America & Caribbean",59.28424268629095
BRB,2013,Barbados,63.00000191,166.02,"Latin America & Caribbean",14.651442634487449
BRN,2013,"Brunei Darussalam",3800,2034.75,"East Asia & Pacific",72.1062276535922
BTN,2013,Bhutan,27350.80078,14716.99,"South Asia",71.75485436432818
BWA,2013,Botswana,110444.0039,218814.67,"Sub-Saharan Africa",19.487940432998645
CAF,2013,"Central African Republic",222011.9922,240532.82,"Sub-Saharan Africa",35.637097634882394
CAN,2013,Canada,3471621.875,3511007.72,"North America",38.17691823053144
CHE,2013,Switzerland,12464.00024,15257.14,"Europe & Central Asia",31.54166052759105
CHI,2013,"Channel Islands",8.000000119,76.45,"Europe & Central Asia",4.040291870175324
CHL,2013,Chile,171334.0039,287078,"Latin America & Caribbean",23.043258298411953
CHN,2013,China,2052369.063,3624791.99,"East Asia & Pacific",21.861129958102442
CIV,2013,"Cote d'Ivoire",104017.998,122779.92,"Sub-Saharan Africa",32.71006300475615
CMR,2013,Cameroon,192560,182513.51,"Sub-Saharan Africa",40.7353353444851
COD,2013,"Congo, Dem. Rep.",1532007.969,875308.88,"Sub-Saharan Africa",67.57715840147405
COG,2013,"Congo, Rep.",223648.0078,131853.28,"Sub-Saharan Africa",65.48990071552421
COL,2013,Colombia,585551.7188,428378.38,"Latin America & Caribbean",52.77617995343854
COM,2013,Comoros,377.9999924,718.53,"Sub-Saharan Africa",20.311739664534954
CPV,2013,"Cabo Verde",879.8000336,1555.98,"Sub-Saharan Africa",21.831330265433532
CRI,2013,"Costa Rica",26956.00098,19714.29,"Latin America & Caribbean",52.7927832354114
CUB,2013,Cuba,30928.00049,40239.38,"Latin America & Caribbean",29.675688170399074
CYM,2013,"Cayman Islands",126.9999981,92.66,"Latin America & Caribbean",52.91900313097162
CYP,2013,Cyprus,1727.599945,3567.57,"Europe & Central Asia",18.696956353806815
CZE,2013,"Czech Republic",26630,29814.67,"Europe & Central Asia",34.48588658487007
DEU,2013,Germany,114150,134702.7,"Europe & Central Asia",32.71898712747337
DJI,2013,Djibouti,55.99999905,8949.81,"Middle East & North Africa",0.24158748906207236
DMA,2013,Dominica,438.6000061,289.58,"Latin America & Caribbean",58.47904955412726
DNK,2013,Denmark,6021.599731,16212.36,"Europe & Central Asia",14.340552400027393
DOM,2013,"Dominican Republic",19165.99976,18652.51,"Latin America & Caribbean",39.67294432403954
DZA,2013,Algeria,19408.00049,919590.73,"Middle East & North Africa",0.8148664659359367
ECU,2013,Ecuador,127053.4961,95891.89,"Latin America & Caribbean",51.15698929243537
EGY,2013,"Egypt, Arab Rep.",718.0000305,384343.63,"Middle East & North Africa",0.07212818617447596
ERI,2013,Eritrea,15188.00049,38996.14,"Sub-Saharan Africa",15.037623860417604
ESP,2013,Spain,183495.9961,193131.27,"Europe & Central Asia",36.683792812052104
EST,2013,Estonia,22328.00049,16783.78,"Europe & Central Asia",51.36417189714481
ETH,2013,Ethiopia,124177.998,386100.39,"Sub-Saharan Africa",12.417799674580225
FIN,2013,Finland,222180,117332.05,"Europe & Central Asia",73.11197902344993
FJI,2013,Fiji,10074.7998,7054.05,"East Asia & Pacific",55.143982430860184
FRA,2013,France,167630,211411.97,"Europe & Central Asia",30.614164241508053
FRO,2013,"Faroe Islands",0.799999982,539,"Europe & Central Asia",0.0573061784657703
FSM,2013,"Micronesia, Fed. Sts.",642.0999908,270.27,"East Asia & Pacific",91.72866184294757
GAB,2013,Gabon,226000,99486.49,"Sub-Saharan Africa",87.70908216652056
GBR,2013,"United Kingdom",31100,93409.27,"Europe & Central Asia",12.854957551559934
GEO,2013,Georgia,28223.99902,26830.12,"Europe & Central Asia",40.61590823641087
GHA,2013,Ghana,92802.00195,87853.28,"Sub-Saharan Africa",40.784918655039164
GIN,2013,Guinea,64360,94872.59,"Sub-Saharan Africa",26.19241326648809
GMB,2013,"Gambia, The",4847.999878,3907.34,"Sub-Saharan Africa",47.90508695712236
GNB,2013,Guinea-Bissau,19920,10857.14,"Sub-Saharan Africa",70.83927895486003
GNQ,2013,"Equatorial Guinea",15911.99951,10830.12,"Sub-Saharan Africa",56.72724913888446
GRC,2013,Greece,39936.00098,49768.34,"Europe & Central Asia",30.98215732669283
GRD,2013,Grenada,169.8999977,131.27,"Latin America & Caribbean",49.97216021210079
GRL,2013,Greenland,2.199999988,158474.9,"Europe & Central Asia",0.0005359970852088532
GTM,2013,Guatemala,36128.00049,41374.52,"Latin America & Caribbean",33.714070732963044
GUM,2013,Guam,250,208.49,"East Asia & Pacific",46.29723081447385
GUY,2013,Guyana,165460,76003.86,"Latin America & Caribbean",84.05384921788168
HND,2013,Honduras,48320,43200.77,"Latin America & Caribbean",43.18527344853033
HRV,2013,Croatia,19211.99951,21606.18,"Europe & Central Asia",34.331660795991844
HTI,2013,Haiti,985.9999847,10640.93,"Latin America & Caribbean",3.577647581439262
HUN,2013,Hungary,20598.00049,34953.67,"Europe & Central Asia",22.75267787927546
IDN,2013,Indonesia,923787.9688,699447.88,"East Asia & Pacific",50.99377689565253
IMN,2013,"Isle of Man",34.60000038,220.08,"Europe & Central Asia",6.070098830330563
IND,2013,India,703252.0313,1147949.81,"South Asia",23.653114312620584
IRL,2013,Ireland,7426.599731,26598.46,"Europe & Central Asia",10.780372335662005
IRN,2013,"Iran, Islamic Rep.",106919.8047,628864.86,"Middle East & North Africa",6.5644911176063925
IRQ,2013,Iraq,8250,167616.99,"Middle East & North Africa",1.9003611658508994
ISL,2013,Iceland,465.9999847,38706.56,"Europe & Central Asia",0.46483793448822125
ISR,2013,Israel,1606.000061,8355.21,"Middle East & North Africa",7.421444148373814
ITA,2013,Italy,91894.00391,113567.57,"Europe & Central Asia",31.241586299646446
JAM,2013,Jamaica,3359.599915,4181.47,"Latin America & Caribbean",31.021215608968237
JOR,2013,Jordan,975,34277.99,"Middle East & North Africa",1.0982203928756513
JPN,2013,Japan,249611.9922,140756.76,"East Asia & Pacific",68.46938403790097
KAZ,2013,Kazakhstan,33090,1042355.21,"Europe & Central Asia",1.225691746296522
KEN,2013,Kenya,43397.99805,219745.17,"Sub-Saharan Africa",7.625188668806147
KGZ,2013,"Kyrgyz Republic",6530,74054.05,"Europe & Central Asia",3.4045882989998812
KHM,2013,Cambodia,97117.99805,68154.44,"East Asia & Pacific",55.01812727740341
KIR,2013,Kiribati,121.4999962,312.74,"East Asia & Pacific",15.000062494089484
KNA,2013,"St. Kitts and Nevis",110,100.39,"Latin America & Caribbean",42.30604888040888
KOR,2013,"Korea, Rep.",61992.00195,37616.21,"East Asia & Pacific",63.62984438897722
KWT,2013,Kuwait,62.5,6880.31,"Middle East & North Africa",0.35072946031899915
LAO,2013,"Lao PDR",183830.7031,89111.97,"East Asia & Pacific",79.64935063607666
LBN,2013,Lebanon,1371.399994,3949.81,"Middle East & North Africa",13.40565918820063
LBR,2013,Liberia,42390,37189.19,"Sub-Saharan Africa",44.009550535506065
LBY,2013,Libya,2170,679359.07,"Middle East & North Africa",0.1233276885282238
LCA,2013,"St. Lucia",204.2000008,235.52,"Latin America & Caribbean",33.47558557684237
LIE,2013,Liechtenstein,69.00000095,61.78,"Europe & Central Asia",43.122251550213676
LKA,2013,"Sri Lanka",20831.99951,24212.36,"South Asia",33.21957485372782
LSO,2013,Lesotho,470,11722.01,"Sub-Saharan Africa",1.5480892907204606
LTU,2013,Lithuania,21760,24198.84,"Europe & Central Asia",34.71878983267133
LUX,2013,Luxembourg,866.9999695,938.22,"Europe & Central Asia",35.679160854913874
LVA,2013,Latvia,33551.99951,24011.58,"Europe & Central Asia",53.9508019266161
MAF,2013,"St. Martin (French part)",10,21,"Latin America & Caribbean",18.38573267144696
MAR,2013,Morocco,56480,172316.6,"Middle East & North Africa",12.655164857564394
MDA,2013,Moldova,3997.999878,12694.98,"Europe & Central Asia",12.159367691206263
MDG,2013,Madagascar,125050,224633.2,"Sub-Saharan Africa",21.493640869583515
MDV,2013,Maldives,10,115.83,"South Asia",3.33333666667
MEX,2013,Mexico,662232.0313,750559.85,"Latin America & Caribbean",34.06630969841686
MHL,2013,"Marshall Islands",126.4000034,69.5,"East Asia & Pacific",70.220273547957
MKD,2013,"North Macedonia",9980,9737.45,"Europe & Central Asia",39.5717754985325
MLI,2013,Mali,48730,471115.83,"Sub-Saharan Africa",3.993640335683862
MLT,2013,Malta,3.49999994,123.55,"Middle East & North Africa",1.0937687804009133
MMR,2013,Myanmar,301338.0078,252154.44,"East Asia & Pacific",46.14105591727878
MNE,2013,Montenegro,8270,5193.05,"Europe & Central Asia",61.48699113334539
MNG,2013,Mongolia,127473.6035,599830.12,"East Asia & Pacific",8.205257770142909
MNP,2013,"Northern Mariana Islands",298.2999992,177.61,"East Asia & Pacific",64.84643030508691
MOZ,2013,Mozambique,383528.0078,303621.62,"Sub-Saharan Africa",48.77133317841197
MRT,2013,Mauritania,2315,397953.67,"Sub-Saharan Africa",0.22460463646996748
MUS,2013,Mauritius,385.2000046,783.78,"Sub-Saharan Africa",18.97546129040426
MWI,2013,Malawi,31830,36401.54,"Sub-Saharan Africa",33.761141120884695
MYS,2013,Malaysia,221665.9961,126853.28,"East Asia & Pacific",67.46796510073423
NAM,2013,Namibia,70673.99902,317872.59,"Sub-Saharan Africa",8.584338243470539
NCL,2013,"New Caledonia",8390,7057.92,"East Asia & Pacific",45.897123223020934
NER,2013,Niger,11668.00049,489073.36,"Sub-Saharan Africa",0.921133691315449
NGA,2013,Nigeria,78122.00195,351648.65,"Sub-Saharan Africa",8.577577396025868
NIC,2013,Nicaragua,31140,46463.32,"Latin America & Caribbean",25.87668299029433
NLD,2013,Netherlands,3747.999878,13007.72,"Europe & Central Asia",11.124964251998048
NOR,2013,Norway,121080,140974.13,"Europe & Central Asia",33.16142809254063
NPL,2013,Nepal,36360,55347.49,"South Asia",25.3644926601189
NZL,2013,"New Zealand",101515.9961,101664.09,"East Asia & Pacific",38.55379543511903
OMN,2013,Oman,20,119498.07,"Middle East & North Africa",0.00646203551405284
PAK,2013,Pakistan,15580,297637.07,"South Asia",2.021066803084715
PAN,2013,Panama,46497.99805,28702.7,"Latin America & Caribbean",62.54775683123888
PER,2013,Peru,743082.0313,494208.49,"Latin America & Caribbean",58.0532841896725
PHL,2013,Philippines,75600,115123.55,"East Asia & Pacific",25.35466391471527
PLW,2013,Palau,402.9999924,177.61,"East Asia & Pacific",87.60680854912036
PNG,2013,"Papua New Guinea",335646.0156,174849.42,"East Asia & Pacific",74.11694943924675
POL,2013,Poland,93925.99609,118227.8,"Europe & Central Asia",30.67371917198185
PRI,2013,"Puerto Rico",4893.299866,3424.71,"Latin America & Caribbean",55.166859896679355
PRK,2013,"Korea, Dem. Peopleâ€™s Rep.",52850,46490.35,"East Asia & Pacific",43.89170097752632
PRT,2013,Portugal,32048.00049,35368.8,"Europe & Central Asia",34.98491711037514
PRY,2013,Paraguay,159737.998,153397.68,"Latin America & Caribbean",40.205890142994804
PSE,2013,"West Bank and Gaza",91.70000076,2324.32,"Middle East & North Africa",1.523258660547674
PYF,2013,"French Polynesia",1550,1413.13,"East Asia & Pacific",42.34964925064209
ROU,2013,Romania,67226.00098,88814.67,"Europe & Central Asia",29.224884733977994
RUS,2013,"Russian Federation",8150125.625,6323115.83,"Europe & Central Asia",49.766076332958
RWA,2013,Rwanda,4663.999939,9525.1,"Sub-Saharan Africa",18.905546159306226
SAU,2013,"Saudi Arabia",9770,829996.14,"Middle East & North Africa",0.45448413437209145
SEN,2013,Senegal,83530,74335.91,"Sub-Saharan Africa",43.3854448690616
SGP,2013,Singapore,163.5000038,272.97,"East Asia & Pacific",23.126136423267976
SLB,2013,"Solomon Islands",21961.99951,10806.95,"East Asia & Pacific",78.46373389668214
SLE,2013,"Sierra Leone",29168.00049,27868.73,"Sub-Saharan Africa",40.41008058481765
SLV,2013,"El Salvador",2737.999878,8000,"Latin America & Caribbean",13.214285125482625
SOM,2013,Somalia,65166.00098,242216.22,"Sub-Saharan Africa",10.38766856282215
SRB,2013,Serbia,27171.99951,33768.34,"Europe & Central Asia",31.067915988557637
STP,2013,"Sao Tome and Principe",535.9999847,370.66,"Sub-Saharan Africa",55.83278504356311
SUR,2013,Suriname,153395.9961,60231.66,"Latin America & Caribbean",98.33076710896448
SVK,2013,"Slovak Republic",19395.99976,18566.79,"Europe & Central Asia",40.334398116955036
SVN,2013,Slovenia,12475.99976,7776.06,"Europe & Central Asia",61.94638832936378
SWE,2013,Sweden,280730,157274.13,"Europe & Central Asia",68.91785787653785
SWZ,2013,Eswatini,5767.999878,6640.93,"Sub-Saharan Africa",33.53486604922473
SYC,2013,Seychelles,406.6999817,177.61,"Sub-Saharan Africa",88.41113673857889
SYR,2013,"Syrian Arab Republic",4910,70899.61,"Middle East & North Africa",2.673855181647538
TCA,2013,"Turks and Caicos Islands",344.0000153,366.8,"Latin America & Caribbean",36.210070535951125
TCD,2013,Chad,51282.00195,486177.61,"Sub-Saharan Africa",4.072585891583069
TGO,2013,Togo,2276.000061,21000,"Sub-Saharan Africa",4.184592868174297
THA,2013,Thailand,163390,197254.83,"East Asia & Pacific",31.9814435392746
TJK,2013,Tajikistan,4112.000122,54038.61,"Europe & Central Asia",2.9379823699185357
TKM,2013,Turkmenistan,41270,181440.15,"Europe & Central Asia",8.782159259878773
TLS,2013,Timor-Leste,7084.000244,5741.31,"East Asia & Pacific",47.63956709084911
TON,2013,Tonga,90,277.99,"East Asia & Pacific",12.500102431394925
TTO,2013,"Trinidad and Tobago",2312.5,1980.69,"Latin America & Caribbean",45.078086063803156
TUN,2013,Tunisia,10205.99976,59984.56,"Middle East & North Africa",6.569257902160904
TUR,2013,Turkey,115102.002,297154.44,"Europe & Central Asia",14.955498364125877
TUV,2013,Tuvalu,10,11.58,"East Asia & Pacific",33.342002253919354
TZA,2013,Tanzania,468040,342007.72,"Sub-Saharan Africa",52.838112750912394
UGA,2013,Uganda,23473.99902,77420.85,"Sub-Saharan Africa",11.706562360064614
UKR,2013,Ukraine,96134.00391,223675.68,"Europe & Central Asia",16.59428330653875
URY,2013,Uruguay,17995.2002,67575.29,"Latin America & Caribbean",10.28179641578119
USA,2013,"United States",3095450,3531822.39,"North America",33.83959633809446
UZB,2013,Uzbekistan,32421.39893,164247.1,"Europe & Central Asia",7.621391576951828
VCT,2013,"St. Vincent and the Grenadines",270,150.58,"Latin America & Caribbean",69.23037870042783
VEN,2013,"Venezuela, RB",470118.0078,340559.85,"Latin America & Caribbean",53.298339285833116
VGB,2013,"British Virgin Islands",36.30000114,57.92,"Latin America & Caribbean",24.19793586947247
VIR,2013,"Virgin Islands (U.S.)",178.1999969,135.14,"Latin America & Caribbean",50.91245198030015
VNM,2013,Vietnam,145150,119718.15,"East Asia & Pacific",46.81200890798182
VUT,2013,Vanuatu,4400,4706.56,"East Asia & Pacific",36.09518839325747
WLD,2013,World,40057482,49168464.94,World,31.455546324829537
WSM,2013,Samoa,1710,1092.66,"East Asia & Pacific",60.42425459261438
YEM,2013,"Yemen, Rep.",5490,203849.42,"Middle East & North Africa",1.0398318129583688
ZAF,2013,"South Africa",92410,468374.52,"Sub-Saharan Africa",7.617736481381754
ZMB,2013,Zambia,489681.9922,287023.17,"Sub-Saharan Africa",65.87147868753114
ZWE,2013,Zimbabwe,146867.998,149362.93,"Sub-Saharan Africa",37.9651033449804
ABW,2012,Aruba,4.199999869,69.5,"Latin America & Caribbean",2.333268447543124
AFG,2012,Afghanistan,13500,252069.5,"South Asia",2.0678246326331475
AGO,2012,Angola,582303.9844,481351.35,"Sub-Saharan Africa",46.707627018109164
ALB,2012,Albania,7743.800049,10579.15,"Europe & Central Asia",28.26204552164483
AND,2012,Andorra,160,181.47,"Europe & Central Asia",34.04202445366274
ARE,2012,"United Arab Emirates",3194.200134,27420.85,"Middle East & North Africa",4.497606401768381
ARG,2012,Argentina,280024.0039,1056637.07,"Latin America & Caribbean",10.232214929120936
ARM,2012,Armenia,3313.999939,10992.28,"Europe & Central Asia",11.640320806825844
ASM,2012,"American Samoa",176.3999939,77.22,"East Asia & Pacific",88.20008515008514
ATG,2012,"Antigua and Barbuda",98.00000191,169.88,"Latin America & Caribbean",22.2732744144629
AUS,2012,Australia,1238270,2966139,"East Asia & Pacific",16.118480121684286
AUT,2012,Austria,38636.00098,31874.13,"Europe & Central Asia",46.800884904946095
AZE,2012,Azerbaijan,10607.3999,31914.28,"Europe & Central Asia",12.832879817157702
BDI,2012,Burundi,2622.000122,9915.06,"Sub-Saharan Africa",10.210278701888436
BEL,2012,Belgium,6820.800171,11691.12,"Europe & Central Asia",22.52575954687557
BEN,2012,Benin,44610,43536.68,"Sub-Saharan Africa",39.56190096244873
BFA,2012,"Burkina Faso",55293.99902,105637.07,"Sub-Saharan Africa",20.209794128762155
BGD,2012,Bangladesh,14368.00049,50258.69,"South Asia",11.037873324353534
BGR,2012,Bulgaria,37713.99902,41915.06,"Europe & Central Asia",34.74023318351825
BHR,2012,Bahrain,5.600000024,297.3,"Middle East & North Africa",0.7272661188794388
BHS,2012,"Bahamas, The",5150,3864.86,"Latin America & Caribbean",51.44861620904737
BIH,2012,"Bosnia and Herzegovina",21850,19768.34,"Europe & Central Asia",42.67578074989319
BLR,2012,Belarus,85737.99805,78343.63,"Europe & Central Asia",42.25420005503849
BLZ,2012,Belize,13813.49976,8806.95,"Latin America & Caribbean",60.5589629864322
BMU,2012,Bermuda,10,20.85,"North America",18.51800412951492
BOL,2012,Bolivia,556310,418262.55,"Latin America & Caribbean",51.35327219506165
BRA,2012,Brazil,4964900,3227081.08,"Latin America & Caribbean",59.40197222902769
BRB,2012,Barbados,63.00000191,166.02,"Latin America & Caribbean",14.651442634487449
BRN,2012,"Brunei Darussalam",3800,2034.75,"East Asia & Pacific",72.1062276535922
BTN,2012,Bhutan,27251.49902,14716.99,"South Asia",71.49433609342871
BWA,2012,Botswana,111465.9961,218814.67,"Sub-Saharan Africa",19.668271844513047
CAF,2012,"Central African Republic",222168.0078,240532.82,"Sub-Saharan Africa",35.66214107111603
CAN,2012,Canada,3472088.125,3511007.72,"North America",38.18204551361868
CHE,2012,Switzerland,12425.99976,15257.14,"Europe & Central Asia",31.445495715575174
CHI,2012,"Channel Islands",8.000000119,76.45,"Europe & Central Asia",4.040291870175324
CHL,2012,Chile,168325.9961,287078,"Latin America & Caribbean",22.638701706484678
CHN,2012,China,2036947.031,3624791.99,"East Asia & Pacific",21.696859773052388
CIV,2012,"Cote d'Ivoire",104022.002,122779.92,"Sub-Saharan Africa",32.71132212428151
CMR,2012,Cameroon,194760,182513.51,"Sub-Saharan Africa",41.20073697388823
COD,2012,"Congo, Dem. Rep.",1535122.031,875308.88,"Sub-Saharan Africa",67.7145202594436
COG,2012,"Congo, Rep.",223801.9922,131853.28,"Sub-Saharan Africa",65.53499131645083
COL,2012,Colombia,585818.9063,428378.38,"Latin America & Caribbean",52.800261746948095
COM,2012,Comoros,382.0000076,718.53,"Sub-Saharan Africa",20.526679529694018
CPV,2012,"Cabo Verde",870.1999664,1555.98,"Sub-Saharan Africa",21.5931145009308
CRI,2012,"Costa Rica",26653.99902,19714.29,"Latin America & Caribbean",52.201318499125826
CUB,2012,Cuba,30391.99951,41100,"Latin America & Caribbean",28.5507609371624
CYM,2012,"Cayman Islands",126.9999981,92.66,"Latin America & Caribbean",52.91900313097162
CYP,2012,Cyprus,1727.799988,3567.57,"Europe & Central Asia",18.69912131986317
CZE,2012,"Czech Republic",26610,29818.53,"Europe & Central Asia",34.45552572219783
DEU,2012,Germany,114130,134571.43,"Europe & Central Asia",32.745165200100104
DJI,2012,Djibouti,55.99999905,8949.81,"Middle East & North Africa",0.24158748906207236
DMA,2012,Dominica,441.3000107,289.58,"Latin America & Caribbean",58.83904431154588
DNK,2012,Denmark,5971.400146,16212.36,"Europe & Central Asia",14.221001149311402
DOM,2012,"Dominican Republic",18834.00024,18652.51,"Latin America & Caribbean",38.985717013306875
DZA,2012,Algeria,19331.99951,919590.73,"Middle East & North Africa",0.8116754803415076
ECU,2012,Ecuador,127840.8008,95891.89,"Latin America & Caribbean",51.47399070793427
EGY,2012,"Egypt, Arab Rep.",711.9999695,384343.63,"Middle East & North Africa",0.0715254375693473
ERI,2012,Eritrea,15231.99951,38996.14,"Sub-Saharan Africa",15.081187245434785
ESP,2012,Spain,183154.707,193131.27,"Europe & Central Asia",36.615563646841395
EST,2012,Estonia,22331.99951,16366.8,"Europe & Central Asia",52.68222030699119
ETH,2012,Ethiopia,123772.002,386100.39,"Sub-Saharan Africa",12.377200074990279
FIN,2012,Finland,222180,117332.05,"Europe & Central Asia",73.11197902344993
FJI,2012,Fiji,10026.19995,7054.05,"East Asia & Pacific",54.87797324678265
FRA,2012,France,166500,211411.97,"Europe & Central Asia",30.407793033532727
FRO,2012,"Faroe Islands",0.799999982,539,"Europe & Central Asia",0.0573061784657703
FSM,2012,"Micronesia, Fed. Sts.",641.8000031,270.27,"East Asia & Pacific",91.68580641437785
GAB,2012,Gabon,224000,99486.49,"Sub-Saharan Africa",86.93289559867524
GBR,2012,"United Kingdom",30930,93409.27,"Europe & Central Asia",12.784689294847226
GEO,2012,Georgia,28223.99902,26830.12,"Europe & Central Asia",40.61590823641087
GHA,2012,Ghana,92517.99805,87853.28,"Sub-Saharan Africa",40.66010371876812
GIN,2012,Guinea,64720,94872.59,"Sub-Saharan Africa",26.33892148239759
GMB,2012,"Gambia, The",4832.000122,3907.34,"Sub-Saharan Africa",47.746986766990155
GNB,2012,Guinea-Bissau,20020,10857.14,"Sub-Saharan Africa",71.19489782511536
GNQ,2012,"Equatorial Guinea",16028.00049,10830.12,"Sub-Saharan Africa",57.14079971049423
GRC,2012,Greece,39633.99902,49768.34,"Europe & Central Asia",30.74786565982375
GRD,2012,Grenada,169.8999977,131.27,"Latin America & Caribbean",49.97216021210079
GRL,2012,Greenland,2.199999988,158474.9,"Europe & Central Asia",0.0005359970852088532
GTM,2012,Guatemala,36491.99951,41374.52,"Latin America & Caribbean",34.0537487815837
GUM,2012,Guam,250,208.49,"East Asia & Pacific",46.29723081447385
GUY,2012,Guyana,165560,76003.86,"Latin America & Caribbean",84.10464932015284
HND,2012,Honduras,49520,43200.77,"Latin America & Caribbean",44.25775540503357
HRV,2012,Croatia,19208.00049,21606.18,"Europe & Central Asia",34.324514585203886
HTI,2012,Haiti,994.0000153,10640.93,"Latin America & Caribbean",3.6066752595038185
HUN,2012,Hungary,20551.99951,34953.67,"Europe & Central Asia",22.701864914173385
IDN,2012,Indonesia,930632.0313,699447.88,"East Asia & Pacific",51.37157419110579
IMN,2012,"Isle of Man",34.60000038,220.08,"Europe & Central Asia",6.070098830330563
IND,2012,India,701467.9688,1147949.81,"South Asia",23.59310931814463
IRL,2012,Ireland,7369.899902,26598.46,"Europe & Central Asia",10.698067473392815
IRN,2012,"Iran, Islamic Rep.",106919.8047,628864.86,"Middle East & North Africa",6.5644911176063925
IRQ,2012,Iraq,8250,167691.12,"Middle East & North Africa",1.899521086941387
ISL,2012,Iceland,452.9999924,38706.56,"Europe & Central Asia",0.45187035987985497
ISR,2012,Israel,1583.999939,8355.21,"Middle East & North Africa",7.319779969993431
ITA,2012,Italy,91355.99609,113567.57,"Europe & Central Asia",31.058677545829642
JAM,2012,Jamaica,3363.399963,4181.47,"Latin America & Caribbean",31.0563037478285
JOR,2012,Jordan,975,34277.99,"Middle East & North Africa",1.0982203928756513
JPN,2012,Japan,249628.0078,140756.76,"East Asia & Pacific",68.47377716924586
KAZ,2012,Kazakhstan,33090,1042355.21,"Europe & Central Asia",1.225691746296522
KEN,2012,Kenya,43032.00195,219745.17,"Sub-Saharan Africa",7.560881801209813
KGZ,2012,"Kyrgyz Republic",6610,74054.05,"Europe & Central Asia",3.4462984159860968
KHM,2012,Cambodia,98392.00195,68154.44,"East Asia & Pacific",55.73986073700399
KIR,2012,Kiribati,121.4999962,312.74,"East Asia & Pacific",15.000062494089484
KNA,2012,"St. Kitts and Nevis",110,100.39,"Latin America & Caribbean",42.30604888040888
KOR,2012,"Korea, Rep.",62067.99805,37571.43,"East Asia & Pacific",63.78377935463998
KWT,2012,Kuwait,62.5,6880.31,"Middle East & North Africa",0.35072946031899915
LAO,2012,"Lao PDR",181939.0039,89111.97,"East Asia & Pacific",78.82972360784937
LBN,2012,Lebanon,1370.599976,3949.81,"Middle East & North Africa",13.397838881434296
LBR,2012,Liberia,42690,37189.19,"Sub-Saharan Africa",44.321012322735406
LBY,2012,Libya,2170,679359.07,"Middle East & North Africa",0.1233276885282238
LCA,2012,"St. Lucia",204.7999954,235.52,"Latin America & Caribbean",33.573945863322564
LIE,2012,Liechtenstein,69.00000095,61.78,"Europe & Central Asia",43.122251550213676
LKA,2012,"Sri Lanka",20898.00049,24212.36,"South Asia",33.32482276785517
LSO,2012,Lesotho,460,11722.01,"Sub-Saharan Africa",1.5151512207051316
LTU,2012,Lithuania,21740,24198.46,"Europe & Central Asia",34.687423884918275
LUX,2012,Luxembourg,866.9999695,938.22,"Europe & Central Asia",35.679160854913874
LVA,2012,Latvia,33548.00049,24007.72,"Europe & Central Asia",53.95304486258979
MAF,2012,"St. Martin (French part)",10,21,"Latin America & Caribbean",18.38573267144696
MAR,2012,Morocco,56560,172316.6,"Middle East & North Africa",12.673090020252161
MDA,2012,Moldova,3952.000122,12687.26,"Europe & Central Asia",12.026779406845709
MDG,2012,Madagascar,125210,224631.27,"Sub-Saharan Africa",21.52132663614881
MDV,2012,Maldives,10,115.83,"South Asia",3.33333666667
MEX,2012,Mexico,663147.9688,750559.85,"Latin America & Caribbean",34.11342703654703
MHL,2012,"Marshall Islands",126.4000034,69.5,"East Asia & Pacific",70.220273547957
MKD,2012,"North Macedonia",9980,9737.45,"Europe & Central Asia",39.5717754985325
MLI,2012,Mali,49520,471115.83,"Sub-Saharan Africa",4.05838435097609
MLT,2012,Malta,3.49999994,123.55,"Middle East & North Africa",1.0937687804009133
MMR,2012,Myanmar,306801.9922,252181.47,"East Asia & Pacific",46.97266918334152
MNE,2012,Montenegro,8270,5193.05,"Europe & Central Asia",61.48699113334539
MNG,2012,Mongolia,128446.3965,599830.12,"East Asia & Pacific",8.267874791258114
MNP,2012,"Northern Mariana Islands",299.8999977,177.61,"East Asia & Pacific",65.19424858030229
MOZ,2012,Mozambique,385591.9922,303621.62,"Sub-Saharan Africa",49.033799722706526
MRT,2012,Mauritania,2350,397953.67,"Sub-Saharan Africa",0.2280003869133579
MUS,2012,Mauritius,384.7999954,783.78,"Sub-Saharan Africa",18.955756308577257
MWI,2012,Malawi,32010,36401.54,"Sub-Saharan Africa",33.95206180582843
MYS,2012,Malaysia,221524.0039,126853.28,"East Asia & Pacific",67.42474726415702
NAM,2012,Namibia,71416.00098,317872.59,"Sub-Saharan Africa",8.674464681627175
NCL,2012,"New Caledonia",8390,7057.92,"East Asia & Pacific",45.897123223020934
NER,2012,Niger,11791.99951,489073.36,"Sub-Saharan Africa",0.9309228300037777
NGA,2012,Nigeria,82217.99805,351648.65,"Sub-Saharan Africa",9.027306315979256
NIC,2012,Nicaragua,31140,46463.32,"Latin America & Caribbean",25.87668299029433
NLD,2012,Netherlands,3742.000122,13019.31,"Europe & Central Asia",11.097267765280128
NOR,2012,Norway,121060,141020.84,"Europe & Central Asia",33.14496831908868
NPL,2012,Nepal,36360,55347.49,"South Asia",25.3644926601189
NZL,2012,"New Zealand",101514.0039,101664.09,"East Asia & Pacific",38.553038836413236
OMN,2012,Oman,20,119498.07,"Middle East & North Africa",0.00646203551405284
PAK,2012,Pakistan,16010,297637.07,"South Asia",2.0768472090748578
PAN,2012,Panama,46662.00195,28702.7,"Latin America & Caribbean",62.7683701153967
PER,2012,Peru,744757.9688,494208.49,"Latin America & Caribbean",58.18421680797498
PHL,2012,Philippines,73200,115123.55,"East Asia & Pacific",24.549753949168753
PLW,2012,Palau,402.9999924,177.61,"East Asia & Pacific",87.60680854912036
PNG,2012,"Papua New Guinea",335673.9844,174849.42,"East Asia & Pacific",74.12312547602102
POL,2012,Poland,93714.00391,118231.66,"Europe & Central Asia",30.60348902541341
PRI,2012,"Puerto Rico",4860.299988,3424.71,"Latin America & Caribbean",54.794820639718445
PRK,2012,"Korea, Dem. Peopleâ€™s Rep.",54120,46490.35,"East Asia & Pacific",44.94643059420481
PRT,2012,Portugal,32161.99951,35362.93,"Europe & Central Asia",35.11519104489201
PRY,2012,Paraguay,162992.002,153397.68,"Latin America & Caribbean",41.024919609915166
PSE,2012,"West Bank and Gaza",91.70000076,2324.32,"Middle East & North Africa",1.523258660547674
PYF,2012,"French Polynesia",1550,1413.13,"East Asia & Pacific",42.34964925064209
ROU,2012,Romania,66533.99902,88810.81,"Europe & Central Asia",28.925310680563225
RUS,2012,"Russian Federation",8150535.625,6323115.83,"Europe & Central Asia",49.76857986385254
RWA,2012,Rwanda,4596.000061,9525.1,"Sub-Saharan Africa",18.6299083271514
SAU,2012,"Saudi Arabia",9770,829996.14,"Middle East & North Africa",0.45448413437209145
SEN,2012,Senegal,83930,74335.91,"Sub-Saharan Africa",43.59320469125272
SGP,2012,Singapore,163.5000038,272.59,"East Asia & Pacific",23.158375066801646
SLB,2012,"Solomon Islands",22018.00049,10806.95,"East Asia & Pacific",78.66380884844928
SLE,2012,"Sierra Leone",28531.99951,27868.73,"Sub-Saharan Africa",39.52894885065458
SLV,2012,"El Salvador",2782.000122,8000,"Latin America & Caribbean",13.426641515444015
SOM,2012,Somalia,65933.99902,242216.22,"Sub-Saharan Africa",10.510089901809415
SRB,2012,Serbia,27158.00049,33768.34,"Europe & Central Asia",31.05190979154876
STP,2012,"Sao Tome and Principe",535.9999847,370.66,"Sub-Saharan Africa",55.83278504356311
SUR,2012,Suriname,153434.0039,60231.66,"Latin America & Caribbean",98.35513108341718
SVK,2012,"Slovak Republic",19394.00024,18566.79,"Europe & Central Asia",40.33024007216638
SVN,2012,Slovenia,12474.00024,7778.26,"Europe & Central Asia",61.918942139762734
SWE,2012,Sweden,280730,157274.13,"Europe & Central Asia",68.91785787653785
SWZ,2012,Eswatini,5722.000122,6640.93,"Sub-Saharan Africa",33.26742574263931
SYC,2012,Seychelles,406.6999817,177.61,"Sub-Saharan Africa",88.41113673857889
SYR,2012,"Syrian Arab Republic",4910,70899.61,"Middle East & North Africa",2.673855181647538
TCA,2012,"Turks and Caicos Islands",344.0000153,366.8,"Latin America & Caribbean",36.210070535951125
